y,x1,x2,x3,x4,x5,x6,x7,x8,x9,x10,x11,x12,x13,x14,x15,x16,x17,x18,x19,x20,x21,x22,x23,x24,x25,x26,x27,x28,x29,x30,x31,x32,x33,x34,x35,x36,x37,x38,x39,x40
4.66792603321384,-1.5315380164529164,-1.5819787368572928,-1.9401320187150182,-0.8910447221728244,-1.6530313644224695,-1.6682247386826572,-0.3130531351414064,-1.0269114265429382,-0.4426578266849863,-0.2918367421333463,-0.16191196314295891,-0.5669114089091506,-0.7622486222347739,0.670586318361335,-1.31769130351881,-0.23665234560673873,-0.4159168272626437,-1.352453257220333,-0.7727104354910127,-1.4732371649112297,-0.457663038250255,-1.4263710445951079,-0.4992247993664605,-1.3415730769679939,0.4971914776680691,0.6809251650114867,0.0516523870080096,-0.4423850528636783,0.10530600299403857,-0.15392620672011656,-0.4612397250552324,-0.15549053397178522,-0.007010272666741578,-0.031921904611802956,0.49538460140152746,0.01018734479030047,-0.30465861942823075,-0.5946110993500072,0.1817840240452177,-0.5255032565331595
0.8070192307678569,-0.9270388992230008,-1.2072029750542035,-1.0972795104030935,-0.33134416953067264,-1.042974665539713,-1.417758272457473,-1.797360561243201,-0.7933821201565391,-0.018584600427778066,0.16591888594153176,-1.0135925902869611,-0.6072967881053598,-1.1442430679063087,-1.3909473073191319,-0.07340800198863018,-1.4552675902862018,-1.1620578656099423,-1.6199181554927096,-0.8362904805666388,0.5761486679832196,-1.080968806452069,-0.03285517911628897,0.22488969216847374,0.468788758658816,-0.33171923628703653,-0.3128437343034328,-1.1383754912996034,-0.010094638436465311,-0.22932359246726283,-1.1899394319885228,0.13666004540653096,-0.31363620974745143,-0.3304155889295765,-0.41235991451598286,-1.4539593992263788,-1.1521463175127546,-0.5855739756649643,-1.5968755317873777,-1.0346465078231548,-0.8129135136185203
-3.8650771738491407,0.2930296518562556,-0.4824413390068046,-0.2694935556137989,-0.30193126597340747,-0.2938123028272893,0.7369457519768375,0.34796518125210646,-0.11020750646995432,1.229406554088419,1.7232062091170681,1.0126139069064568,0.5846265456376085,-0.36123780840750225,0.5642223991231108,1.3718412922835586,-0.2368707100018415,-0.34806022404829934,-1.5458495287834209,-0.05066019866060013,0.6882696628859862,0.5249138598228836,0.8148664732091687,-0.4110397178503704,-0.3422492550570462,0.451299487159364,0.11849685141902717,1.721552514795621,0.6216053640745479,-0.18874175580912325,0.8718116214935343,0.01132986678452111,-0.18436107502527552,-0.4638945942006598,-0.865990879338146,-0.3168683467617861,-0.4702371287762418,0.6883929320935067,0.024753360066684427,-0.6334985602336232,-1.9237038972998284
-4.044391981521646,1.3821264383086593,0.9699187713522321,1.9012654738977424,1.508192981742017,2.0872047400176,1.1075100027925142,1.8638359819646217,1.4285402369460334,0.5457706771147985,-1.0742803702189725,-0.8174533841922333,0.06353303163904592,0.5563469979742552,0.3341258359683301,-0.7093833285232547,-1.4283349788410868,1.6156410736771813,0.648478224487584,0.2414505070694584,1.1452732498506553,0.7235278613032997,0.9965926898825862,-1.006471023157089,0.6840854622047767,1.5334302104051256,2.765524238954491,1.6757345544904547,2.7116226809758164,1.167309411677078,1.5454895917265896,2.3661033657883856,1.7785980652763294,1.6929534673643378,1.0271589503615037,0.8851716061405667,0.3711854375281937,2.059085599278775,1.9739574314664845,1.1198824817251591,1.3388599919723596
1.5654101903673279,0.015783730025410666,-0.2295155218119475,-0.8178386484806879,0.28505046228020703,-1.1692488982021951,0.20337839069944716,0.10502053587933785,-0.8732160038911505,-0.2510298751303791,-1.1180215002445852,-0.699995817295028,-0.929710017194044,-1.11897160905018,0.45018857633885984,-1.3817840809914494,0.20655485501935214,-0.4294590334262375,-1.0423377085269665,-0.9919730200392772,-0.4030391210770738,-1.7785216482303463,-0.298980420599594,-0.8219503445995967,-1.5776100117369143,-0.785587796863327,-0.22169895149254562,-1.0738327840779547,-0.637322028056883,-0.06659523235693542,-0.8364225407762009,-1.810077235056507,-0.5559507063352755,-0.22734554610625662,-1.707214014594792,-0.9862752015489579,-0.2952306025674291,-0.39042051017355783,-0.8983526131654873,-0.9042490239951758,-0.2816338747990517
-3.716982897536814,-1.331352265375406,0.4428244749245547,-0.8511104656210677,-0.24383191514525807,1.0575197736128084,0.6408537666183216,-0.7612549103226582,-0.7704413677891809,0.43541148309584915,0.6120246464813988,-0.25658510902276743,0.9528652120880262,0.7763734387807165,2.230652427694153,0.0804691426529376,0.032936124893189554,0.02801005653807804,0.5314577189002796,0.1905000972668022,-0.12447064743625483,0.8115491802723634,1.1462994795814445,1.1610879920546089,1.496799260708032,0.6097617353976965,0.7557914268717634,0.03359938831694643,-0.24704805091496462,-0.5504640883183107,0.7312411992976394,0.73334907859914,-0.6596689022219376,1.0644283853310124,0.12413154020947383,-0.460475493731594,-0.4699073138581851,0.26313313710949315,0.36699763316010264,-0.26322011391707084,0.3792801247677664
-6.336936864139604,-1.6465490767791802,-1.4451361582360023,-1.2682185522759504,-0.9340450385588227,-0.5468277040017494,-0.23083384602686288,-0.642909551270877,-0.1869590816930457,1.2676217955660376,1.5191450477251982,0.49185045588647774,-0.3962847622209438,1.4160071392070332,1.9939456128345354,1.6601625637192856,0.9443808862628458,-0.442846848803316,0.3564257901672736,0.7268587453881982,-0.9683460344834275,1.2465179063321428,1.378810444992143,-0.05382603837388217,-0.615373768357793,1.0899727043067347,2.571988723999309,2.1044492051222563,0.8831673263271473,2.2354379802664215,2.683299606770097,3.0282404267980585,1.437416621859986,0.8882818317146739,1.288424379653763,1.1676838373949063,0.9365302933744774,1.413812668023696,1.8324912990890432,1.9034903316009106,0.9544038727945229
-0.83322908036611,0.5668962086875019,-1.139353366349516,-1.7671886795140619,-0.9747691310948122,-2.2439971944691672,-0.7215434971577633,-1.5951089856826375,-0.33436729843502405,-0.853744926611364,1.598707108415768,0.3827068336155839,-0.5752504159305964,-0.6997587608981392,0.7120386442147696,-0.7497033659386626,-0.7387299046371426,0.30546915983155315,-1.3637593537399182,0.7616645044811522,0.5810274372593716,-0.9790886741021188,-1.117217710613098,-1.0068799887938624,0.6239819709400765,0.3143803432921764,-0.3437680821856116,-0.8989716593278634,0.2775480067045072,-0.9243856171305774,-1.2033362990031613,-1.2345983067234911,1.1691008703938939,0.011615807684046886,-1.3372475865731024,-1.166345001472274,-0.14756945620874742,-0.335199610896915,-0.6564343339847643,0.8703127581108392,0.376836177156701
-1.6281607280402661,-0.5499721906141025,-1.5657928608831835,-0.5929367351749615,-0.016908131032399475,-0.4163435928354303,-0.5956969449686013,-0.6827660106952722,-0.7640347188054644,2.0398701523722864,2.6295422750378377,0.346975580308009,0.42497700336873606,1.445730889646087,0.7218042792762256,1.5154372748470906,1.2022337777652683,0.642224632653801,-1.2970677639133732,-0.06628397856307153,0.4785768335157028,-0.21503629953621975,-0.11588869209292403,-0.43813306660638757,-0.004088947066324651,0.8593514803735892,0.802530515026428,-0.05765190241890538,-1.3675818598282152,-0.3192897350217606,0.022545842189036623,0.16883142536013535,0.7585664133163543,0.26485724532003796,-1.532666840327851,-0.07434062890840008,-0.20300769561386472,0.34149737476564457,-0.744728816854633,0.7621073988518209,-0.023027761990410723
-0.06734622535427137,-0.09950122651024923,0.31489446639286595,-0.2522283463090507,-0.6421617354532472,0.5761077365818531,0.3722958609626361,0.015162870491829523,-0.06431243968787302,-0.5240497348554253,0.5340166941659322,-0.4900475112561945,-0.04604886808086157,1.3973954043594354,-0.67229869819833,0.48759622008659953,0.3834653913522916,-1.8192057813374582,-1.3377532615301881,-1.0396158862927676,-1.2226606876738146,-0.5276556430285956,-1.0620699033581953,0.05145833078678729,-0.5909687668986553,-0.2590676367230482,-0.6760432519259877,-0.16190380950000138,0.3661369089763548,0.2162804668565163,1.0173699387764323,1.6765847699767544,0.8426047719891959,0.4435560032654297,1.1243987205504147,0.7902560213305688,0.032434193451224676,0.4973842001792863,-0.2584947548182215,0.5329936352847819,0.7210279598120447
6.414873146694262,-1.5870938690797551,-0.7054225536401253,-1.5604164649115886,-1.6473073126836424,-0.8765447968985374,-2.1702876199011016,-1.1862257588239908,-0.6675228041259449,0.6410400225902539,2.6886308234806333,0.5799692494542035,0.08358387662767185,-0.6587525784007596,0.013288269149368648,-0.8812586061709463,-0.18338241446705436,-0.32863626082775066,-0.6228442409724978,-2.0844702796909322,0.0745293675315532,-1.216269061611098,-0.7979880009211998,-1.8058642906165292,0.18119488492889568,0.10094283741433124,-0.666394924067355,-1.2352640146077263,-0.6768024737527156,-0.029950669601081045,-0.5674842142601615,0.24468069328907946,-0.14352322405497864,1.5923947192286143,1.0628476610134825,1.371894901136051,1.2643735546535584,1.1753265151096457,0.8339750422102267,1.9395723086758707,0.2593030228345682
-4.303089914757969,0.029975719280760166,-1.1578463611598437,-0.5470809675524877,0.17048274659711743,-1.8064282465222286,-1.3690796998296675,-0.3470517673222392,-0.3843425145504063,0.21940085655033478,1.2791096765097918,0.7811221628870255,0.24606862705171545,0.3123666099536078,-1.804487340812919,-0.3717981079117322,-0.09329351208703067,1.256384588269297,1.6364251271658192,-1.052125444501053,1.4446345796562166,0.31698727446337277,1.6502729139577774,1.0273001671951794,-0.050904045940290917,0.9855590374717186,1.9136855567239324,1.1608647517596142,0.7449151237836691,1.8389682536754708,1.7583032017927707,0.8494992081600414,0.25119474782100554,1.0105204633081994,0.33179378068691373,1.0619672023181692,1.8391225316534643,2.1080718519348194,1.39262406712237,0.0820360875557221,-0.5264939380693381
0.011696827436587398,0.15799493567155692,0.4338946452993452,-1.3085135964414676,0.13965059345340325,1.3094778907726539,-0.4365048564053886,0.12082824411624227,-0.009080918354240068,0.9738156507993605,0.21468612468384995,-0.22611751273104075,0.1653433271996058,0.36762483656055756,-1.1027275804411716,-1.0374952158096076,-1.4586566130297425,0.18343897937347217,-0.0861174150864022,-0.20852681891770222,0.22396952737531053,0.6430283506165583,-0.0010979825214824344,-0.07458043722733611,0.5783913141378338,1.0199176755382502,0.8818732899767339,2.959628289016945,1.6692529508031797,1.495291640958634,2.8055075217975407,2.1371308188593807,2.394771388657276,-0.2206050662072377,0.08043199974942034,-0.08964232834684567,-0.22047380090542118,-0.6337737868755706,0.682194609374176,0.2392632743633686,-0.2829810978308593
-2.0957373787500098,1.5607964718879097,0.03850243314186781,-0.15073039199433447,0.2136622870841994,-0.21217579249133595,0.8315265484687533,-0.34776803603650097,0.14711483135985948,-1.978563781971188,-0.5797085293391013,-0.6800230035600879,-0.9475928499737145,-0.5662110701083415,0.3315578304078828,-1.0394213594952537,-0.025747876243707103,0.1830731818677807,-0.5034118079730843,-0.45839370964001325,-1.2024443895073111,-0.9264189671756623,-0.8845229993400343,-1.320659752367925,-0.3409059272191622,0.14659463613736728,-0.6254433254704037,0.5946423847596982,-0.017669693564159608,-1.8757091492768174,-0.339241253094597,-0.5906097373160563,0.2359517496435564,-0.9830242597068274,-1.1132062591548413,-0.34273882039884074,0.05984032610994207,-0.9708686165386181,-0.22379444324697817,-0.9274936771078409,0.7210395878597184
5.555052524979672,0.8935496281702389,1.0712811378350175,0.7604426175462972,0.6999652152622736,1.1123231047619369,1.0879145715070748,0.21260322777914373,1.4794881245340739,0.2570685606356298,-0.048686525817630145,-0.7297060408748929,0.3585057107389386,0.6869185459346818,1.1952001419458267,-0.138637677575699,-0.787630357443811,-0.8991708582684419,-0.3324616404047487,-0.45286837748623476,-0.8333214117251001,-0.6765024111474834,0.150909851581028,0.08899745154408441,0.3856806325096367,-0.06393388453502732,0.6283653004859765,0.24118675660911837,1.603871263741447,1.049024993147875,2.1150433809013136,0.7446873518772353,1.4667611757913617,-0.10041538675472454,0.5343119021859563,0.7734121706122228,0.5490596442717611,0.3894275947673102,-0.40845671600479844,0.25557812629469434,0.3753850116478013
-2.0710668574683853,-0.527150888033718,-1.3249035090200183,-1.2697411537131122,-1.138337715121978,-1.7854614348533586,-1.277997132075966,-1.6355099031571325,-1.0010079009905277,-0.9366840334554152,0.18808057870439784,-0.10348627560654874,-0.47512464043871083,0.6411565149289268,-0.10591583583505795,-0.19340184649244324,-1.2401543119104437,0.5917594084406208,0.31272139339187316,1.7442191546122572,-0.36814876372868144,-0.5715984511384371,-0.5982080470341049,-0.05055888621859125,0.3854249615407842,-1.7351047781052968,-1.1048388236677311,-0.17933748499946395,-0.920337363704942,-0.36930829500017925,-2.9256506167286247,-1.9821363175159228,0.39046823126716046,-0.531376096528151,-0.7484071154608726,-0.9844854295982652,-0.2479097263794407,-0.5840292993687313,-0.7607019561313274,0.2866427490611145,0.3956408156655797
9.273411438728164,0.21338519559560976,0.46869639595207674,-0.374445494460199,0.0016581257161841156,-0.3570841063659669,0.09426451022962126,-0.5948980785802783,-0.15659491935887895,-1.525832336160699,-0.37949080277039515,1.4385933399048894,0.9029567880248122,-0.3145398527181418,0.11280390441576511,0.703606569495372,0.7259144243463318,-2.754955852506104,-2.847471026898133,-2.6574184087814423,-2.998550456192623,-2.577135163017948,-2.2777617864303874,-2.858825856451487,-2.0089378000382183,-0.08986973355032873,0.12169078806507808,0.5373393913232961,0.2796499983716495,0.003441623881064732,-0.7121813127496202,-0.748145332136029,0.6761756608948937,-0.006024401444726185,0.8341408142869748,1.3229977663721353,0.1547015633389126,0.3323238651277623,1.2906758283645532,-0.020680375700348776,-0.004182934388870299
-3.797755952865762,0.7466218493463278,1.947089511335891,0.5081756699777707,-0.1471207810951504,0.07793219875644462,1.9296667900830005,0.9007723150901996,0.5151799151251892,-1.867139956746434,-0.4350266106448001,-0.145239373793225,-1.2117035307237816,-1.3682175599585258,0.2494430610659428,1.6129483861959055,-0.7126046777356455,-0.650372800917048,0.35585207519759243,1.7920358709876874,-0.3117890439968908,0.021872122635204577,0.8078945067744706,0.6540151353743268,-0.008695992766154521,1.4241146964088112,1.2869708039702221,1.344750918328727,1.502560748118951,1.3515212348369605,2.7389337380791274,0.9634259676350343,1.3836412120369341,-0.8776469614188687,-1.1356161193456784,-0.40477123760677897,-0.8944359690775678,0.08982688679446495,0.6661751008254827,0.5590605331903818,1.4751593948174784
0.03734044634585065,0.5483602752806276,-0.5507759826805306,-0.6945431131531263,-0.5206817038898139,0.26279032007196684,0.3625997914623732,0.5891020802369396,-0.06967271089847149,1.411469773380243,-0.1178086409627761,-0.41128412041959217,-0.862969925910731,0.9428105552500282,1.3679419870503389,-1.3013627269775203,1.121611470230454,-0.3209036014747418,-1.010404946394984,0.5299591079939627,-0.84978083264392,0.11312926286150539,-0.9356650533232772,-0.07550052027791408,0.333712849987392,-1.1926340387584786,-1.0016663872705558,-0.7512395051493485,-0.15350351914747298,-0.7272293706203037,0.4601697807354939,-1.0944981949198898,-0.9930269895669184,0.621038565749555,0.14136932895980758,1.4376834888209145,-0.2196609688755247,0.44218291795949777,-0.019628373090314566,-0.5612540889355081,-0.14474796753062416
6.202456369675784,-1.0786436597077589,-0.7224043019385807,-0.9341249052783973,-0.8863651494419212,0.07289652657824035,-1.017176062163304,-1.2547260247088714,0.23518924381425313,-0.40050558822063653,-0.04007371008699288,0.3062286366194122,-1.2966563903227455,-0.9642294614927718,0.041986376276104194,-1.5367463022658585,0.45025291818430097,-0.19311716826755332,0.4783671789683569,-0.6128067251264523,-1.3519423815604976,-0.9052154432009907,-0.3177603918912497,0.8573226369419744,-0.07106169184476048,-0.8988755498085725,-0.4574465949070206,1.2934243933165381,0.4899505938532011,2.2132752959832764,-0.36801242911793725,-0.7541512683057721,-1.0863858478454662,-1.3805229944924462,-1.1209316848420345,-1.4161718520148352,-1.222247745293188,-0.9336928790949046,-0.9260250194308003,-2.069482783029029,-1.1133405351894896
-7.434990794068,0.900545726644585,0.23746259130731182,0.3025011081777317,-0.2749599462248167,-0.13833868443561423,0.06275486024348507,0.314512017888582,1.4240033612594982,-0.18929430609597847,-1.6540395856258847,-0.06638850957404697,0.5510144363870875,-0.3898802695985456,-0.5486707393793351,-0.9733775176738444,1.0757927079872418,-0.27864740813306027,0.12250582313944815,1.9083540466192364,0.28926988805393655,-0.6201196084983758,0.8246608618728636,-0.1704016761908558,0.7667065226696835,-0.7845105803487512,-0.3151898304543465,0.800394975134625,0.46070714035972654,0.7789868139764136,0.09910089769830363,0.7127397144114956,1.2087650312821587,-0.7457452818292261,-0.5789823886169535,-0.8814467868506486,-0.8855680659998776,-0.35256692327310846,-0.7420298571263034,-0.33971656193023736,-0.5784383393122412
3.287761580591694,0.19166976323942478,0.5212482781647665,-0.4997365299160652,0.8198554792712478,0.188986790307327,0.24122810388893115,-0.052532038303595194,-0.9632493877437059,-0.08710635932174493,0.39337440376305954,-0.5602864085962983,-0.11244793486574317,-1.0521703157202595,-0.6447921185580502,-0.2922444576932693,-0.3009313493088633,-1.0959132974293813,-2.4702847302310675,-1.58430250036006,0.19345118619340043,-1.0014936531734466,0.03474159078009112,-1.202056561053858,-2.401114430724531,0.3825716998886764,-1.2159230218766615,-0.5345760395710994,-0.37742132861711025,0.7709314958988487,-1.1028201990692998,-1.3407199896393789,-0.9401350950895303,-1.064113369287776,-0.6662136508227903,-1.309847795163412,-2.265334708438183,-0.8488194265860626,0.253673560791236,-1.5832684273991666,-2.010583534563415
-8.374055309125819,1.1238475362222966,1.2166742622651663,1.140523534765965,0.5002892686728622,0.8429884239729187,-0.32491774185840766,1.4827078057453387,0.34695021052279,-0.3383405705988411,-0.6765219795366801,0.12311977726545445,-0.15763936299274361,-0.6369638872974653,-0.603198214800606,0.11757421184649075,0.9480079693460793,0.6806058421347699,1.3092049514436075,0.5293346179469434,2.449822337407715,0.34122062598115027,1.1605110975746906,1.157122019460576,0.9978347409981734,1.3445298694143157,0.8234998547696751,-0.5984823186870453,0.5780647215757695,0.1770953438597185,-0.8799293121826847,0.90819439387985,0.5974261724882578,0.4897729486262888,-0.3376037376933755,0.11592618800835515,-0.2973538115772014,-0.19454645084763939,0.28025187466169704,0.3531405357161336,-0.3313262790007259
-0.6696940555002538,0.6628928786596161,1.353089659803496,0.4390356510697637,-0.025193100559778116,-0.013185331576991758,-0.334603865094528,0.3772010663974107,0.13387981554380476,0.32662577089985684,-0.35144697170241745,-0.23117801360632706,-0.9012320720898126,-1.5133142180810086,0.03836772336195405,-1.0991406307058897,0.08226181143344949,-0.49409174823675917,-0.3773573785427071,0.5121010563350475,-0.09011701159946453,-1.4342767140800252,-0.5366976986457009,-0.37324106731576,0.3936664067819959,-0.8059668484731451,-1.7957582511490973,-0.9178585459256083,-0.9227340586474977,-1.7451693125816792,-1.0809832679783709,-1.033062540883263,-0.1184640302860328,0.3052574520588076,0.2917164484067378,1.1174506204480819,1.0724907331168472,0.7829364431501442,0.3255522815625285,1.5666459351420396,0.612530470317421
0.6084645351398714,-0.23779699240775434,-1.5372315472289133,-1.6396869255763795,-0.04018516013403496,-0.6028186589752522,-0.9351105088827254,-0.9768412286663477,-1.4288836986232354,0.2874835939428464,1.9124470602154653,0.7467284467508798,1.2620159736875105,1.2248910337538375,1.5982662901102527,0.8505301404397644,1.6977009842026045,0.26331402650043906,-0.13287975750124303,1.2764758206729843,0.7567554214629031,1.3110522275349026,0.3388818499910192,-0.2268989285020636,0.9306097067012405,1.9543548328156186,1.6147026196223415,2.0189880392124224,1.8147574386182106,2.0356140685477784,0.5362238453185896,0.1375327291621333,1.8460182102487632,-0.34403240280672354,0.40883839444102343,0.947559545546334,-0.9898567036955401,0.8509260921470632,-0.14127191264131958,-1.3197927756835848,-0.23767530841432088
-4.199146141238696,-2.097557538598913,-1.6056330323934376,-0.9264477353286292,-0.7526078072417898,-1.5526665497188896,-1.0914301773960828,-0.5325395849180287,-2.131103227881184,-0.9045953321084256,1.2658796424751682,-0.38180859985590787,0.8458102664580407,0.0004943632524795613,-0.178260286543736,0.877924014061781,-0.5982243806186904,0.46792536771127446,0.27690939961309163,0.5215575966959187,0.5734888814789104,0.44290131999631366,0.4752556066674304,0.6883813353550342,0.797071382793611,-0.12991505933515043,-0.45080082360377755,-0.09454019209384901,0.222724285556535,-1.2629448984680787,-1.2242542407876176,-0.27634035978903476,0.33773404298569654,-0.39029988977827496,0.24494046343393142,0.6093789102941831,-0.7185791536885738,-0.2900752167241695,-0.687510621745956,-0.29849193156372383,1.4880081204316087
8.961419695202515,-0.4758323788209412,-1.1565474439356416,-2.060726933669915,-2.048449144807397,-1.0986647594307484,-2.1192807529065627,-1.4062437513076382,-1.7636184077800503,-0.3959598858273743,0.01638574454470368,-1.169833075576155,1.0601026024190707,1.0055222629980334,0.7540818639138474,-0.4443656673605465,-0.774729169999134,0.587364986490837,0.05482783533656003,-1.3129365729355855,0.059361389200314675,-0.19960914350175668,-0.4207094670669404,-0.27175018026355796,-0.5383411009131861,-1.0939993075818473,-0.7778121390744498,-0.14489201208764269,1.1322497378859013,-0.8905585238091958,0.4862544050597015,-0.18572569473565473,-0.6478921672141212,-0.09078219664806356,1.277922941103556,1.1163493764581,1.1547531132272013,0.4881203008634359,1.3416925223561662,1.0278881676915315,-0.22986362065303867
-12.363587579582308,0.26081757286983476,-0.24908407916931063,1.4754874882440965,1.2845230499096811,1.3098356128767954,1.0932362934606992,0.8882587377261821,1.513221505755379,-0.646695645050046,0.17555641541286285,0.3739577013939072,1.5774699788688993,0.976689820973945,-2.3336968939895786,-0.07730618991611442,0.10177486006661067,0.1861532034763131,1.0685871741023154,0.03482485247375832,0.2116960340291483,1.0141147196459548,1.0324069054125111,0.41940977633075843,0.28000600297434813,1.3409818238059683,1.4164692781050578,0.20133053375238846,1.0270361451482746,0.7586545333249346,-0.39722763109860976,0.6865776571166504,0.8330333033802417,0.13860028344041242,0.7654272357155717,-0.5428886066771059,-0.11936987661140214,0.09501564041147437,-0.4023076005091755,-0.08484801644920095,-0.3651120651173478
-1.6688307241753022,-1.7464315927595722,-0.7183197923148835,-0.26560683350461795,-0.03578684018824351,1.0021296543579616,-0.4340463996063944,0.16071382625916836,0.9559110023777407,0.41702792188715526,0.8957604455427908,2.7476569298304083,0.048633960369696,-0.16457426626925875,-1.062899317052915,0.24991641502454087,-1.7239407914936677,0.7948179192246919,1.3697787636818255,-0.2609513899647114,0.5542734811451958,0.007992163200856932,1.2801827026833728,1.1798933790865038,0.8546491114614574,-0.13274713405972283,0.010830229487884622,1.6687944045543082,0.5686873629132099,1.7612475958967195,-0.10531881134234723,0.4340511859442461,-0.2959019929526947,-2.1871514774102434,-1.1794210307417772,-2.1030348141744892,-1.7890985429649044,-0.8327972858102352,-2.243740850303036,-1.5311117467504933,-1.2259743480185659
4.21043053009558,-1.744788490648254,-0.45763710701562405,-1.2863278363300656,-1.3045064973536962,-0.9472860194832139,-2.8088906275132692,-1.7311832243095087,-1.222684034547703,1.964594189173072,0.6178863314326855,-0.20701615107405988,-0.6915067566308327,0.3023286857504487,1.2667604160584605,-0.3725171304201001,0.6168284961185696,0.07611216075214085,0.4481664298730177,0.4090773482681868,0.7089921180272107,0.7302691660357044,-0.07166294643885243,0.4477923796746086,1.7604940097160398,0.33848631961371334,-0.0231581423156753,0.12325839830000655,-0.11760949851893578,-0.026509441262088634,0.9458520169919135,1.7772495611377515,0.16597892967787803,-0.21114995585540744,0.5961006881849933,0.6411251096250709,-0.7183914641351496,0.32807337838406814,0.983761872715468,-0.44458041232230716,-0.3759656534560343
2.4977230708453564,-0.2480928059487625,-0.6845837689729601,-0.21769951526237186,-0.0424153209232955,1.1658240533284305,0.38088145132975637,0.38231706040295477,0.5510028638704887,-0.6317472131309871,1.7430066443900518,0.24504715025392262,0.9160604579845647,0.4747764236215231,-0.02922912467753812,0.0034158351813962317,0.22200208855087963,-0.5422080346117263,-0.5094562592927087,-1.1328090135020605,-0.44204475205427135,-1.001840238200271,-0.11323112723154848,-1.311771246617531,-0.704578735815123,1.4006826787812445,-0.15518089289977008,1.189972650041185,1.854511310317842,0.7701479166609284,0.2850724172854908,0.14076574939633346,0.5797457138200094,-0.26495246247723964,0.0964860410885276,1.307787986137982,0.8691716919780993,1.3651105393116585,2.1161243038214343,0.699436145325706,0.375223802229418
0.6987750161578266,-1.2932768894843882,-0.015062646446542602,0.053974977860893954,-0.2101704656931357,-1.1765858251482295,-0.4260592459242482,-0.2311241566597783,-0.8224554381764477,-0.5309668536125686,-0.8694704517859834,-0.91298191789181,-0.443054065368425,-1.2750921972707365,-1.0276676829441271,0.5798542528792262,-2.0769903931784635,0.023079886276362725,1.0638659892912017,-0.07058276024103731,0.6127690774810491,-0.29889818807543667,-0.18545429959223678,0.4593109504699898,-0.5453440855049533,-0.43096676806250794,0.3274262520687618,-0.5241414538236301,0.37592243488708654,-0.35858445190977545,-0.08183764109518935,-0.1610566839518994,-1.704835151539867,-0.2712844945626148,-0.8411401278700816,-0.14343222087135535,0.19039109476434102,-0.2077359317568923,-0.3061321593761695,-0.8788919819399809,-0.5614305408425692
2.747877602357746,-1.390848384442525,-0.15769049468360744,0.6483879039716056,0.6788926755706199,0.04267409140570257,-0.16669541186644496,-0.2894530145680762,0.03643302235629182,1.2954290303835612,2.253749117921392,0.5206512222212047,1.0677238143385488,2.644272137713391,0.995627049296732,0.2863042101073098,-0.034128897819854086,-0.5518953544040053,-0.004315582902799652,-0.1713755635932221,0.5031766390438608,-0.9409786241910556,-0.8133528535527452,-0.08948307980144653,-0.7768328770399062,-0.9799236480983928,-1.5547303405835482,-1.429418167984293,-1.257018734826323,-1.5804539556369988,-2.143989452632975,-0.5774530283484346,-0.43690877403629474,-1.3339660627767118,-0.09260228156693688,-1.4006756064322545,-0.4094927631671011,-0.7502565419315214,-1.5777817231563291,-0.6923603139824447,-1.1308388690852507
1.2971985901601277,0.29187681989628483,0.20297466532366729,-0.14983830466920975,0.49720006790903676,-0.6042266783548796,-0.20661618362746453,-0.5313143962245226,-0.6316474386750228,-0.3507386225896684,0.5626691321575371,0.1483672614196768,-0.02769989054794474,1.2335500010817744,1.1604076097295666,-0.004417122233540094,1.5463993849867315,1.0152231360531538,0.1722265675659999,-0.3122343595402241,0.0804273612810882,0.336868010051104,0.42817541233598966,0.27044266928069655,-0.33308499884980475,-0.1436634846737062,-0.7540191706360468,0.4672790008887942,0.3022841238188713,-1.371944610262117,-0.022803199273754925,-0.2646212115219283,-0.04273266881542244,1.0346462598042063,1.8197268587080047,1.802806735208559,1.2884545998020231,1.2308503947488616,1.8014666594131548,1.4665126079795325,1.5477784440536682
2.7657887191542874,2.0817186689867127,2.6238891605933983,2.5598885784607543,2.3534929644204916,1.9870938857983365,1.1286497276533785,3.2547607050966265,1.478236385089797,-1.2927495169124852,-1.1396891506123958,1.3033505028585914,0.5246892781203412,-1.7807494278702463,0.7654857880501347,0.5881437602308182,0.26360033199076766,-0.9821251320772252,-0.617626301132295,-0.7365267586168209,-0.7002757409070757,-0.7588648765776481,0.4987823668542659,-0.7439538946866713,-0.056908476049657486,1.4969036781108198,0.8658702052254721,0.9320982938101449,-0.32541747223259443,0.012804785295285564,0.29551906396154726,-0.20521894603795912,0.16393341702250627,-0.16002763359771785,-0.8243958247406151,0.651780965596897,-1.5722414700193639,-0.3392163612638522,0.09784673653282185,-0.14034976032253768,-0.44005831395273104
-1.365543900423915,0.9251681909658626,1.047481550098798,-0.2600756114886661,0.708207066834594,0.6924930546275497,-0.2612745684246267,0.34680765420931514,-0.8317730292711718,1.3536328194497123,0.6258947408077375,-0.28522659782344206,-0.04116405853633162,-1.8238974071403886,-0.7854513056630453,0.10508889234713578,-1.0988893986019228,1.9541581145791491,0.3747597799881857,0.30322578356750424,1.3220910645214508,1.546189335138277,0.6008278612826692,1.1361456054276562,1.3546199274319175,0.308898464702448,1.330572902019557,0.8752660434465456,1.585666738888628,1.3924338342078335,-0.2634222669205866,0.6696491376715231,1.6182929528428647,0.5548792773737231,1.2632275144296545,1.0621314974345124,1.6614685494360004,1.0782455425320197,-0.3697081528691352,1.0445970565685054,0.8637252654773345
9.210041016127457,0.8845150020879922,0.8432120672254828,-0.0023657747986692785,0.7075036171038597,0.6284139060313851,-0.39866911291781926,1.210616511893925,0.4919050394102311,-0.028139754054106916,0.9955411207641119,0.1015269572914167,0.0812855904450249,-0.6271730278148937,0.9526738702336938,0.5840843842672848,-0.6907343743403467,-0.9078602414188282,-1.2134279104978725,-0.17601305298689454,-0.4087065046582611,-1.4307577547213775,-1.0647900157210195,-1.0464261853874435,-0.05727555693930462,1.4694358418080689,1.3815619409231745,0.6942079496724407,1.3430645476877758,1.1399014978576005,1.0572952539598084,1.5357176308990403,1.353315924231348,0.06582170881629638,0.3650429855617016,0.8105620815134582,-0.31259480690347824,0.2493171163960927,-0.8764735686443326,0.47635166910314064,0.06021262888492595
-8.932281786848339,0.3363084093714244,0.5807752440507836,0.4574563720106137,0.007443994005911535,0.7493306010992392,1.0569418395797037,1.0643819663063203,0.6961727476963121,-1.1470099956532245,-0.9978972521780936,1.2712762042810226,-0.03091218070011662,-0.5891164627328579,0.5015761745938527,-0.3080766944328536,-1.5919047177031125,0.5819658819480129,0.27577359070487584,0.8705175863502844,-0.7025636863755069,0.9640838732690996,1.225698414424588,1.0891601328046059,-0.058057838342633235,-1.1473834784837402,-0.8023608849351763,-0.8018044510474169,-0.8103856839728594,-1.0021794267902728,-0.1844513899486794,-0.4892026205660401,-0.7295808415371342,-0.07656251623505485,-0.38726046992462426,-0.9929846684194619,-0.6360561580916387,-0.21548113777789368,0.10277815496095255,-0.4701596336711754,-0.14910072339886016
-8.421373339008023,-0.5708981154208562,-0.5938738237808571,-0.5002079170972901,-0.07715209068669705,-1.663066914076032,0.03444769924321011,-0.2818172556549861,-0.8912512177508606,-1.3959181231906677,-1.1225089813348694,-0.6753669606544985,-1.2027606182115107,-0.43670342117828365,-1.0836395702302335,-0.8657638651733952,-0.42647105519576456,1.1944122612694545,0.9776880472584566,1.089444508599607,0.6964551205680279,1.327207189244334,1.0185582957113661,0.7124351827740234,1.077811407670249,0.7393883416522814,0.03819868908692373,1.196362437321576,-0.487010123772383,-0.4511885867046429,0.9070577594250447,1.524238925343908,0.43549259992484274,-0.6241578023927595,1.008957035687941,0.9647443598709317,1.5318460931869633,0.08230446616822584,1.6712579686198066,1.356688433618886,0.8634874854053552
-6.585988473321801,0.2980567713596682,0.4558935330843912,0.06141847079167089,-0.10994609381721668,0.162344740760054,0.686139632106365,0.37237069517558385,0.03636098796493817,-1.1254089542919858,1.0585387991920585,-1.0733921712644767,0.09142596910922636,-2.0245957972761826,-1.009058957934681,-0.5460675013167575,-1.0130751820938504,-0.13877288465238577,-0.05293019690751085,0.6546257998250457,0.8359147322980144,1.5490113807566306,0.3206452073095081,-0.18443295985972885,1.3545842853737409,-0.5369734245940663,-0.4511037449114009,-0.2840400503242812,0.41357121132053143,-1.8875703972814437,0.48033308024377475,0.666659411384338,1.9868023179512426,-1.4334956659828393,-0.6614885165316371,-0.2347108590958943,-1.210034950283278,-0.6285557756090615,-0.9855375933357681,0.12411150078483298,-0.6730080115360582
4.275869145904175,-1.1818387367055554,-0.45036604121879875,-0.7968166438581387,-1.4716362329471226,-1.3897998763373696,-1.8980284985254408,-0.3913800594037881,-1.377047861594433,-1.4020763359178419,-0.5149053862919359,-0.7745123837134384,0.34157048826401076,-1.440057738277841,-0.6984778212964337,0.35524715201706253,0.47378188825074946,-0.13917384929622165,1.156229470632644,0.5689548530135181,-0.4456081004417742,0.37370007288057866,1.3611779367972328,0.3314451797696224,0.4460684750845088,1.1350185165288813,0.7164986130201753,1.2766232750253068,0.39620119014991967,2.9055722320914605,0.9464643431494931,2.0634367847222626,2.2848423741601778,-0.8086504769213635,-0.17376906954592933,-0.14428259912972316,-0.5385852807266196,-0.17580226330903198,0.6590540186553219,-0.19004458098438787,0.3511467329711564
-6.982157200395252,-0.0973629734020796,0.051374979677506594,-0.06954699229812995,0.5421945458365766,-0.29537885907131317,1.1741646886273376,0.5412971145384063,0.28485418946450847,1.168734815454105,0.11551835834779414,-0.29050638944686213,0.0036809546736708177,-0.4915716458192983,0.04391497978687344,0.5398206147473777,0.6677962283107006,-1.561705831056913,-1.0336834501006795,-0.8494988876421383,-0.005504639060914909,0.2520909216394057,0.713689126949045,-0.022943753206374436,0.024319438868922894,-0.7306552220300054,-0.9414152063319489,-1.1475214758665402,-1.0579215902375694,-0.17043857548277988,-0.29360956949441197,-0.39483141559691526,-0.9895527317833542,1.7272336926481946,1.5035803415549123,1.1325903617295343,1.402766983810536,1.580726378531224,0.8778280696582297,-0.12995994026183727,0.639122592394955
-4.67851461831706,-1.439128678672597,-1.350996044053901,-0.5310754880506103,-0.8721890769890428,-1.6588719913604921,-0.7070873605706076,-0.7290509069846743,-1.133268137850172,-0.22816789993074543,-1.1940447578810598,0.8400870715884636,-0.3485603939031495,-1.4304992883682093,-0.0010487339409451341,-0.6136875613538663,1.253089779248818,0.8940910491135456,0.5571763757854736,0.3923745950375276,0.08670108965128434,0.13966288030255233,0.6872851540141627,-0.027875806678191787,-0.28201741306250344,0.5424273548621997,-0.9144794152141184,0.9265839114258928,0.3337414937700655,0.691049811539677,-0.5032389775369605,-0.29687426590087396,0.49958821959861144,0.056474802708478856,-0.6526895944660318,0.3651813342033722,0.1307853208025865,-1.236917241985289,0.47525208338083674,0.0810575500718524,-0.017359694436203235
2.52950538721442,0.9366307788095308,0.6789331827161424,0.18296659532765372,0.17054290956955737,0.7239870259238588,0.9218963128880554,0.7502654618838352,-0.08064156999687651,-0.28769741160201817,0.7935108859705327,-0.00635393485621936,0.7502690700176936,0.24492721404635567,0.3988393467749896,1.2568866456713592,-0.5377935926873538,-1.4497614389496658,-2.065908721665342,-1.2526376377940958,-1.2150487362836562,-1.2859423809719042,-1.6917230263649548,-0.5534921538357972,-0.10714676411472121,-1.8262089449829995,-2.664827750034063,-1.2120933873881523,-2.5384245923257605,-2.326134527725259,-1.0269779774619159,-2.4989225765881176,-1.2486299684442788,0.41254513298805473,-0.34187050199114477,-1.0726964357986306,0.6363017741334526,0.7952340455672656,0.0018231935017543,-0.16125846417431108,0.3781737222309717
0.9943348275087454,2.2316064889547365,2.83562373554821,1.626354692704142,1.9216453723073739,2.3494509488411204,1.5697592748684996,1.5001746417039212,3.093866607502908,0.8447130950032994,-0.8915756020012735,0.07233972549234523,-0.308157736861752,-0.4279195470062089,1.993152780671964,0.5456756469189695,-0.27816331807009365,-0.16219703929623547,-0.2555357585545287,1.2296464023912548,-0.5701620350682244,-0.5050147050171878,-0.6556871690407109,-1.4373912513901954,0.49573145339585933,1.0700930295317286,0.4073209809475558,3.568930112977222,1.0061968979100764,1.2849731018662414,0.49845627107020246,-0.6478367667240527,1.651205263629179,-0.9814924247218795,-0.044154807837412706,0.8721262988463563,-0.44339516570729404,-0.25685943845854226,0.4754696396565861,0.6706885796990653,1.0430829832506958
-1.4099373692558463,-0.6890486745506101,0.8802248013729321,1.1062739554630192,0.7797276695245365,-0.27544421108625533,1.3652967469910116,1.299567702771007,-0.41323100597448925,0.7273434866119619,-1.4485282861892865,-0.11079726713835128,0.5983845211315867,0.6745820623563117,1.8966530379853,-0.21958639693492504,0.9222212316347832,-0.5068695134457432,-0.6138878391122046,-0.29924996399008114,-0.5757374679201626,-0.23319439649507956,0.1044122475598388,1.1096141708426752,-0.3662121494534849,-0.12753835523471452,-0.4504453851231077,0.6011038459807997,0.8244930598974702,-0.35983560627021577,-0.729513342871018,0.14392743834023797,-0.8138439918513979,0.706718564227226,0.7432002999633909,-0.9676993665510218,-0.09293626500733346,0.12230507910564162,0.44236990255398395,0.0886027201645298,0.2235750108189706
-7.043569971696266,1.608804133294884,0.4132354794855022,0.2249630746045732,0.7586129044997055,0.4007615441286528,0.30759358159684297,1.1003907364052241,1.5248646477185446,-0.5391184461223242,-0.06517992531745738,-0.3312228770506788,-0.7135141289084853,-0.0562436904842905,0.06970116736631059,0.7172068109689081,0.6872483146139524,0.04137423615544651,0.6997806796776643,0.48561361117520563,0.35466217224128926,0.37222544453569384,0.4642195623034094,-0.5945018116169384,1.260159775424427,1.5065813472595069,-0.1627827105695003,1.4625437202807257,0.968406769610863,0.6530585380475444,1.195729705227882,1.2389668645033918,1.434640919818473,-0.8064216648868744,-0.14467598591919884,0.19166116307385106,-0.06498044460586959,0.34594567475665167,1.2531721660811337,0.2503710891357175,0.25215173443642847
0.2943884687847055,-0.21683226448862256,0.4344740643162723,-0.42996124205598224,0.030148748904479158,-0.24011730260845962,1.1106936401097625,-1.1678245984782132,-0.8604035723462647,0.5946212763997559,0.850227785039931,-0.6612356722721807,-1.0985464653116077,0.6475932843709247,0.5934934144001887,0.3363850643984342,1.3269230748082146,0.5255806119165927,0.3504044339634164,0.36974034681336804,0.4848073707850395,0.564409452634398,-1.381367557141087,1.1887075257138102,0.011725582926302816,-2.1374727614902382,-1.3788366679585147,0.016056982026158254,-0.20098412087836673,-1.2412844146047202,-0.9325591127669045,-2.617415870340904,-0.20250966661418002,-1.2992926766128499,-1.800312153038526,-1.5425263000218745,-0.13310256875255766,-2.0072818681156024,-1.568103336415409,-0.5474540067502585,-1.2162085537457183
-9.51207800103408,-0.7720544201732931,-1.9826662262017167,-1.025873255988499,-2.803391884514088,-2.282136439498749,-1.0223170134720767,-2.7088974524490923,-1.81245326419154,-0.6417224412093433,-1.0173263174214284,-2.1306683131879494,0.5714482809073591,-0.6000654633848236,-0.7200628613868685,0.18299527456938347,-0.74904990384524,0.49149947842232344,0.256629935450123,0.860779509618227,-0.05095396101273317,1.0582439465661284,0.026542562382598184,-1.574928435776997,0.44013699033021486,-1.8423214251056428,-0.21530711424478338,-1.581182092385491,-1.1206858474959853,-1.0723136483809865,-0.6714937959208488,-0.5716829979667852,-1.3235299359420725,-0.02995064192618439,-0.6996482892337834,-1.139950935387085,-0.4017630433526189,-0.26639816609572037,-0.6116611323552252,-0.09025791439940029,-1.0164919125154277
-0.9542099693339245,1.0113909359394098,2.3006941623436883,0.726457538265764,1.1666224621928756,0.5028670123831279,1.3991922167925175,0.8060126738380893,1.640280267108277,-0.07096684596418835,2.11881524563602,-0.8746422129503663,1.4862380136914661,-0.6741293045985863,-0.26723009871958014,-0.8223155702832604,-0.7964086351793865,-1.6595793326591932,-0.5532864750310623,-0.14143836723243594,0.0206110157496669,-0.6846635437852138,-0.29167707594773273,-0.8310392541520849,1.2060218358816541,0.49698826771408383,-0.25093633227207834,0.6584733427709233,-2.040354861264345,0.12495511250332328,-1.0052701759002225,-0.834379152181833,0.2622968231425647,0.5062654828230623,0.010107771605700514,0.9898224359446449,0.7311810407934876,0.19988598555079637,0.8363281008178594,1.4914987113944056,0.7180492132281611
-1.5524898644894543,1.8125071102761847,0.9221263637518153,0.29527081452913717,0.15889427673142723,0.10114622507488627,0.8872622055931876,0.02474145580732225,-0.8388874486452632,-0.9159586892647703,0.7851737133884817,-0.1931838801536009,-0.3163902178870117,-1.2354724608207261,-0.748257434397037,-2.287418769280005,-0.30842480473220435,-0.5096898632930679,-1.2987953025198622,-0.31557493927927127,-1.140177382351705,-1.6115178066591722,-0.09176005721419016,-1.193606761369432,-0.904249371015724,1.149720211948706,-0.26186990122716297,2.251001206921656,1.985915562320842,0.5963383686354897,1.5568916949375657,0.8767724632641656,1.1988993088566697,-0.7829555279443765,0.24779396755096428,0.12044440941580105,0.40578605174581844,-0.7051415012693776,-0.4490856687977057,-0.3265242248083039,-0.502597346439669
-3.4002932336410168,0.9186710954607731,1.552256588790471,1.4564087338496903,2.5918101990196347,1.2900850944299567,2.9822136717810714,3.3720626363729616,1.9328936153587393,0.5031492925633683,0.24456158909092557,0.9242480401478429,0.2412133986601996,-0.18138502675224782,0.5714546750402316,1.8854344503820069,-1.5633697151154897,-1.2115912830867273,-0.7640009736578692,-1.1335377457126545,-0.37361930414036504,0.719590392131219,-0.739685236295485,-0.443723234958826,0.4723720797664249,0.7121695498924832,-0.4159555279674541,1.108182649117465,-0.05523910602026178,0.5292919148882427,-0.06430967625984066,0.025302054960483506,-0.6772927390031249,0.5453382885815531,1.153544214961839,1.143703781090047,0.5320098270293314,1.1072840129240988,0.25469650612863265,0.941743488860279,1.2596255109058045
5.65261881549142,-0.6692356816728958,0.024553806485881065,-0.27970640591202073,-0.72272816620797,0.5379866764599557,-1.3072496734114105,-0.4637659046682233,0.42362842940969525,0.7678179120090739,1.7784213723880336,-0.6170405348595719,-0.8907957967536839,-0.14982786894744404,-1.857869147419327,-0.44485268051345417,-0.3710308600305518,-0.6344026473676322,-0.7548790180119012,-1.1169394531164827,0.3003780990383153,-1.394016911729611,-1.1017324919556544,-0.6729544834745783,-0.466644816861125,0.9974639812426949,2.0378961853719058,0.3505055862568265,2.2115909543016694,1.086665153619744,1.7461476428500025,1.6684709436795475,1.818383832827938,0.3024999344823991,-1.0014141897447921,1.4949156288631669,-0.9941923316962423,-0.1413277392652594,-0.6650338889422223,-0.15099179217723913,-0.14554617541366596
-4.828613057821294,1.7368164259236842,2.3945008334899818,2.2501692487733855,2.5032769899503933,2.4791068424903533,3.144491214213795,2.497529180442763,2.1651370642119367,1.1045875650025763,-0.421065903095496,0.7249162958685433,0.6154399185464503,-0.5932499957523187,-0.06389583993667156,-0.7156704128167052,-0.1567343405205744,-0.1589835319977273,-0.35739312090626535,0.10488306570653197,-0.38654101580673306,0.18285468644654782,0.6645043606080884,0.6199804010601121,-0.44922689589615394,0.3978585534863268,1.2931353471183564,0.8235691102093605,-0.08587997607773248,1.8319560183458394,-0.0004449818249299409,1.1184650002039571,0.17994357949032153,1.5137850481596984,0.08453785830288423,-0.11240603062751232,1.3313515748844986,0.5728855600235843,0.16894688668941044,0.8392193453982338,0.37597895493789685
-6.113198078925084,-0.09966002183216406,-0.034054557016372326,0.4785870504317446,0.776389399270007,0.38558677153218635,1.0593768785402344,0.37141712569084967,-0.0797444041604019,-0.01195514437202329,1.4946460183690002,1.3043500252225428,0.32914172047219037,0.25814065372318645,-0.70140361665647,3.020380536551683,0.6289585054627004,-1.3675115953800745,-0.6910012825215383,0.3620544381656503,0.23773069100831595,-0.0494709837764669,1.5782070547485052,-0.00504582348537925,-1.124261252492335,-0.0025852083381435495,-0.08918851125571794,0.35405443126303626,0.44695587457482355,1.6119419379518223,0.096238895970763,1.6654641238150465,0.38729651053322867,-1.7528146437804775,0.2727392852463834,-0.7595849297559016,-0.6002270595190627,-0.2723838441149715,-0.5227865925647335,-0.5552973464906311,-1.94973089277189
4.762190525011931,-1.0605354051342246,0.1855975790162353,-0.10928383424239853,-0.32323543213428374,0.1612633031575557,0.20779239621633885,-0.7246023832912492,0.38771991138176876,1.4818184064202942,1.420481510245773,1.184630413866599,0.4739091083580635,1.0899798955709157,1.0981280478267723,1.0350717963805458,0.5089885091721543,-0.2999083049091764,0.223738859513587,-0.7495349152328616,-0.30437216665261707,-1.098240801508853,-1.4904416433895336,-0.9424770726214663,-1.6483322195108234,-1.3582456904424614,0.40800967959897966,-0.5577174531723973,0.8993391569921755,-0.23767101059844276,0.8596536026242814,0.4952374195637699,-0.6614633607313988,-1.7274976715417318,-1.22323165293749,-0.5974779881962311,-1.592727971192867,-1.1468355354289663,-2.1600762195429124,-0.22953977658722147,-0.24394625968406014
8.829726143913359,-1.8413953383531783,-2.300281400184312,-1.7281813674394646,-1.4714320616061507,-1.1332134558111377,-3.6707033586943605,-2.8357938816787986,-1.747747710889988,-1.136071181581065,0.32036415868269924,-0.4029443983941096,0.2136492154097124,-2.4862442209197835,-0.7851570103140845,-1.6691835721512427,-1.7997745317871217,-0.30747532890232576,0.0840499458850135,-1.0508382185903804,0.2174941541977167,-1.1080717237687518,-0.0028115676915972795,-0.030738769219395185,0.5883029839809799,0.3376775523200366,0.6065835993908074,0.32707403690024534,0.17252121436718348,1.164764262954133,-0.4957450027106937,0.6630312440445995,0.2972223439752049,-1.0316251832813228,1.2742159776181627,-0.459455303368402,0.2540802271892864,-0.030991134660930602,-0.9568667419464443,-0.4865411907955506,-0.4072217136724995
-0.8306185854615573,-0.08833740244613336,0.42237890386371746,1.764003559249913,0.28194391163843796,0.9082470244318617,0.6131441700262722,0.9090963905217854,1.7380005131052534,1.7532718935907443,-0.6234775056547657,1.8651052457809936,0.2292069529351228,1.8642795282981344,1.3272437844728413,1.324655274441748,-1.1219898406010251,-0.31865178102147385,0.6465322936169745,0.9561888108804054,-0.1852229478162855,0.602436627716471,0.07418446796189189,-0.0619939258707851,-0.2731166968585184,0.3452411932315855,1.4632987660376207,0.5087742900048658,0.1745196702499684,0.6543635637373789,1.183282368040922,0.077285602027384,-0.790454456595257,1.2727365476581827,1.577608893628003,0.15450748316964502,0.39920629271611396,0.8140328732129494,1.3055183660427985,-0.44314671874143224,1.0622682232490743
5.218918347158878,-1.582009458356467,-0.7454421131182407,-0.2221042181379645,0.185785942943033,0.24742992044807155,-0.7444574284334754,-0.6652440920278685,-0.33872311268948013,-0.15154945409868953,-0.6263531988859721,-0.26921593562969076,-0.010673953480709984,-1.795167215352804,-0.8049947745579975,-0.09242248558880505,0.1688105845323543,-1.141172425165162,-0.3824747094684226,-1.4032149781936225,-0.9054326803799516,-0.6717686831826005,-1.4825746815664007,-1.284119568097957,0.07710297016217203,0.816471740834763,0.23907963231579726,0.5165551879843652,-0.430050228817922,-0.7374990104753069,0.10825405845069426,-0.3902332797237047,-0.6556638065922059,-2.5709996279247704,-0.7064706961857165,-1.0132459377894711,-1.8538754517088656,-1.6390478037407739,-1.847723929779451,-2.4190344477511005,-1.5350813633980456
-0.3056928737811808,1.8010616231177248,0.9959580616665538,1.1859363143049133,1.3451465616665346,1.8399956315058767,2.2981651204286746,2.1096218089357457,1.4431697266997432,0.0825488948170305,0.717319753305608,-0.4434428165078486,-0.29655769753741096,0.6750302754824682,0.0282500556382556,1.2260558057394053,-0.5563381833298662,-0.5475687825204396,-1.8131979080568783,-0.32395072303826533,-1.649519476631528,-1.5381741633417847,-0.46127523941148907,-1.3821696040564888,-0.8963918103667246,0.23913729601393072,-1.2500697662599307,-0.946067584285013,-0.722427804555815,-1.1107898084312762,-0.28727289227529823,-0.34888231892873867,-1.139914020040832,-0.548939702161035,-0.2308570013743197,0.13958989282150136,1.350783922209296,0.6905879629524606,0.6518824803802491,1.0191873539045992,0.03598461673035456
-8.383014712930425,-1.0217454467187288,-0.24499663781466044,-1.3259299195149272,-1.036637348298396,-1.2709699683869846,-0.38619593417531944,-0.7198625507798949,-0.3560763283760283,0.585877605699366,-2.2507784220698857,0.4237036724640045,0.7676385843755648,-0.5425961653461229,0.015331674479578438,-0.6099145885037578,0.6694732863660834,-0.7097421666390413,0.9530083410849208,1.143806289461289,-1.0424478622858377,0.1023374536096786,0.06943902129447603,0.2761224523165616,0.969227000342463,-2.5170760146004483,-2.677115800163552,-2.9563596297793637,-2.295876961311359,-1.3610641597944046,-1.5211852185581198,-0.586778483076675,-1.7871671778588507,-0.7142515071004762,0.5624336292138924,0.1800116036128103,-0.8013650019664444,0.023460198299082826,-0.3332590461856954,-0.9597165588850862,-0.02911102241919323
7.844051012347421,-1.0961180649263174,0.5891111221565576,-0.36690726620529585,-0.29192011253477074,-0.6364369535921758,-1.3846197075352846,-1.1107966358510746,-1.0761777155691672,-0.4665728075972961,-0.8850639211390198,-0.038510034390864076,0.5454550130576236,-0.7337540237305026,0.9522869236918605,0.34556511822755387,-1.4904000877054568,-1.2447283415333101,0.08178379750631319,-0.3942916249904716,0.384420949277113,-2.0233618233347914,0.07394907916395163,-0.4718026244561742,-0.22090321033391438,-1.0653756843447861,-1.2803521570025584,-0.3834585274001995,-0.017471425443414897,-0.8770798510770518,-0.9996755254445667,-0.2156331593320471,-0.40486428638595684,-1.0120703039608503,-0.1465643056775278,-1.3357487382749194,-1.3259084952607931,-0.4380048273743279,0.2116395501904253,-0.6684247079858447,-0.44359350874531667
-3.4887575006945144,-0.37851727893072595,0.012487892838960981,-0.23892656209209048,0.3643712467824623,-0.2929975605372888,0.5349172555119855,-0.3802396782684253,-0.009689253191232294,-0.0939530031027313,-0.280701007442376,0.4259652707142661,-0.21361625573505277,0.40405722246248,1.9090614735388398,0.2348385970945383,-1.3140270516699644,-0.2182999433873907,1.1960710782906556,-0.24721123824415817,-0.16175307755541782,-0.4320422806620672,0.9579765910239072,-0.8425919521509778,0.4474824988799432,-1.7341857905507128,-1.3142227677871292,-1.3939261912572818,-2.303199123272854,-0.6545948634902005,-1.0482266589258182,-1.1749086183280912,-1.3160318157949558,0.11391442816681237,0.5692468345199109,1.0171877721637672,1.3828043086281925,0.47671950929611023,1.6019779707032,0.9857616263545222,0.8816631182848201
9.075765519913134,-0.7689763534288911,-0.8141944010456184,-1.5373835673599587,-0.836091403949163,-0.7588240994431992,-0.5675405510092486,-0.9264519033679118,-0.8347227162337523,-2.0633087059600603,-0.32872475203835244,-0.44358957633614204,0.6076303768756659,-0.2448548691577375,0.6555542079433858,-0.6324838170414259,-2.855281122795161,-2.615429321140484,-1.8883337917858163,-1.2960482979232668,-2.8379006619387286,-2.1241238691522217,-1.9902191861301728,-1.3730020386218942,-1.4015826484115212,0.3283267503414537,0.29359984104288206,1.4087164280083284,0.8958606844299429,0.09545826978115657,-0.2575770633568958,-1.747981621821521,-0.8841372315363845,-0.53304569660375,0.3877889872216539,-0.6238083546858998,-0.6260573177220975,-0.1948055899193559,0.6634848937967338,-1.3125791352764367,-0.8547473322217222
-4.782572325955065,0.059669798767321154,0.1970071147360477,-1.2330619311274116,-0.6208793583441853,-0.8143390118228969,-1.577662036943669,-0.5791477373478072,0.4714060292563676,-0.980104231624501,-0.2824724735136297,-0.19923945401821572,-1.799336095742783,-0.5988285818013765,-1.101699718952149,-1.4558333845125353,-2.624920714801949,2.716361384039118,0.283574961939561,1.3609079921776022,1.7735905167191972,1.0511610495823038,0.3129668912609702,1.448580026265495,-0.4327558444488128,-0.7514013830300118,1.650153437740539,-0.4381376850055612,-0.8034922829185663,-0.19127113717630234,-0.16705322634308128,-0.3527619362460098,0.1578367251038756,0.5154341288471086,0.23073984192683591,0.3137447835059855,0.21034852348968502,-0.628051184904095,-0.49691328410352464,2.016003987159346,-0.25414243905490014
6.3014946994259775,-1.106028094723324,-0.228957892614453,-0.36180008533572194,-0.00350525703476808,-0.47832804779266785,-0.4818116824787267,0.030430733099348167,-0.8667201362159527,0.42736641731194436,0.9579715551948426,-1.559840977745666,0.7404161577407913,-0.015480513927485015,-0.48352646468915217,0.8130468155704945,1.471434720515944,-1.4801505284168839,-1.1241797391959172,-1.3025728700697545,-0.9409820215497607,-1.0867351123535396,0.027077206724118782,-1.8164477549094225,-0.7551278612246409,1.0563691638966135,0.2785849835852516,-0.027360088098951435,-0.3114485576995484,1.1304695796216893,-1.2362588274155402,1.9575938390805145,0.3387943074457572,1.5163617957277398,0.4140914650316312,1.8728541773859637,0.4433299625863449,1.6315685019749897,1.99832287020297,0.5206424003106834,0.6051299687767353
7.300230053030216,-0.3025705906825789,-0.3055484532861879,-0.9547230288497836,-1.2769740218226433,-1.1005076593095116,-0.7245755575216238,-0.8116861783145032,-0.8466041031713301,0.8568451023657404,1.547636523130788,-0.2540108878878822,-0.45228953459728727,-0.9336996468504282,1.3847444599773107,1.291053806967515,0.4587607289375299,-1.4790077300037723,-1.885390941131114,-0.9511459049332002,-1.4374800185896048,-0.9792811443323719,-1.6656993678474838,-1.4453868227875077,-0.3014151342690433,-2.452402827875052,-2.334834135167372,-1.7942623447508668,-2.3893551120492873,-1.6663937058037581,-1.738646215479274,-1.2195490583989397,-0.23738641933216376,-0.6654923448369896,-0.8914879284293751,-0.5999918466147803,-0.4027131443579986,-1.1039401475953914,-1.5642914789624218,-0.8220130863461735,0.6091628385904911
-9.796827469432287,1.7804949634930494,2.5994002270269316,2.7822702275151974,2.2624068269593143,0.8025207074907359,1.003766512985937,2.8030209814059086,1.2640094732821505,-0.09156344646422009,-0.5711236537911009,0.39160750161060176,1.2054614253304277,-0.23055299175625377,0.44879168195771724,0.06845968562077745,0.9953700198103185,1.965977610722404,1.9765547405928612,1.750153347697579,1.5359695767167418,1.083955654149251,1.3445219438629534,2.193540518947153,1.2622327507766273,-0.45893034172329455,-0.3628701577309557,-0.9121440975899991,0.9032182536063743,-1.5739823978246577,-1.2848635810474807,-0.7055701850985636,-0.5348407517048559,-0.5074152106290726,0.5521948163059406,0.4318590595120981,-0.6575880487139607,0.06769430287837998,-0.019602587514314502,-0.0588010939993849,-0.6774034863426407
10.837617379247323,-2.0020168070124824,-2.2220597225244116,-2.0679886842981814,-2.071991183060461,-1.4680562745360068,-2.703335915343947,-2.3189829873120122,-0.7982000137128136,0.9015414292582027,-0.17234513413284308,-0.37110121525415574,0.9801600845440039,0.716122562722158,-0.3712599047012937,-1.641562107634283,0.882789822507009,-1.931250303965492,-1.404875620736081,-2.2384400484714972,-1.7482716548531985,-2.3936824602744924,-1.9596311712589005,-2.033289886352385,-1.0174474687403032,1.510193838627347,0.3144911326942476,0.8984916796860016,1.1282185684671426,1.8330895872209652,0.8203186770946371,1.6885472954548137,1.19663661896386,0.1456020053453067,1.531773755114977,0.797932597333547,1.2177427191516672,0.9356786507312219,1.1785985665503858,1.1150528891811191,1.0278639775424316
2.5537826110185695,-0.18312544978196876,0.3320988804892702,-1.6024030385374477,-0.4077017204598399,0.8503443400490316,0.21482879111835013,-0.2867026869898813,-0.4328690104698181,0.061671161814101545,0.7351604353244938,0.12332223919353857,-0.7986820880933628,1.490005153909724,-0.357719169539436,-0.8934872886561926,-0.020471393702712833,-0.13898109210989376,-0.3418974420248044,-1.6560483638818986,-0.6344374586404921,0.058858028583704626,-0.2609895690623106,0.7161525522973983,-0.4090349807228775,-0.9026102183451741,-0.9634927185691868,0.9876464405999372,-0.2505579746294743,-0.0924872960007328,1.1334985845816883,-1.0637140918125814,-0.3074990711577946,0.28711608892758017,-1.3752339868280525,-0.744132111301994,-0.3164707785311322,-0.44236788009617806,0.537634869054574,-0.9771340434082677,-0.9769261705090758
0.36674932011258554,0.07463424673075152,0.7150257778845506,0.9531016557882405,0.18334805440554686,1.4876952770481107,0.3880468485941687,0.9639569536836972,0.5093549690399719,1.4691203787009766,0.8206633714085528,1.00650981995513,-0.4993297182554593,-0.2354019984469398,0.6900589642480022,2.100859871720313,0.6623556459933286,-2.0142537224612576,-0.3349726772940847,-0.41850692307930876,-0.8444996274565534,-0.6609613871702354,-0.3914749085156209,-0.4729132341443397,-0.9622459503283657,-0.10714782466054255,0.28195237635489057,1.5060321029716481,0.1949581059565154,-0.4512104710377443,-0.7169784228133683,-0.7402497854165192,-0.04264220595893627,1.6001656139245497,-0.45229350945821434,1.087336790202505,1.2152599242111464,0.6502816608388522,1.3672518326950942,0.9083672994485383,0.9371741311002023
6.417039005846031,-1.5212165118052166,0.17340127691791546,-1.022110901386642,-1.025974991893226,-1.091353022446257,-1.691013548000716,-1.1119582225239428,-0.4322656753339432,2.066322974022031,-0.2890106248428792,0.059610033931536605,0.8813239877021682,1.1353511494915567,0.32309747360991864,1.066386604685046,0.3225164408533373,0.19982651145745595,0.9835414898201646,-1.0291318293017278,0.5402103736409108,-0.03346962009188293,0.8156979241614728,0.11866798982341734,-0.12792651989707735,0.2543794264154493,1.1055045822389291,1.63079666328935,-0.2883633062134824,0.121611290137166,1.3135903257433672,1.6155569978359836,0.5648470052553214,-1.7274544256859543,-2.626092922685758,-2.2642268927156612,-1.2802768168265986,-1.1417704754308207,-1.5152927501532885,-1.8957872570239789,-1.8815264886871428
2.246258174685904,-1.4234585173226102,-1.4063058293523938,-1.8031847725739665,-1.6497253587296912,-0.8424073146802944,-0.7605026570651302,-0.37048443414968746,-2.0257085935331376,1.9317532224882004,0.3386036497147126,0.4236504695787256,0.7504359069549725,0.7676662098508357,0.1627179597426318,0.07029473554796918,-0.09644936706729834,-0.7301871711559168,-1.174556348129034,0.0006681463824122263,-0.06578118412224188,-1.6836961093712643,-0.22507804753643246,-0.4867631764985388,-2.0465551061097536,-0.4342896868325973,-0.7092399492594937,-0.7532749059070769,1.8397217584267165,1.3004903200005673,0.47286154018746585,0.8735316561069884,-0.48743969944478593,0.01607570543239343,-0.44014435648803363,0.08005955941832754,-0.6175518977721739,0.48601695738918715,0.12175394010149977,-0.8932903313365161,0.3644548533623636
2.3844315189206706,-0.12559464620431038,0.6653891813260551,-0.9660309235010097,-0.5800370895231292,-0.6336251132282278,-1.3237636392523062,-0.46183727206942843,-0.10966196934029115,-0.46254046561817463,0.09360205452520302,0.835975016922116,0.2037162167376832,-0.6433862887155094,1.281988715748639,0.32535191271509484,-1.2799106372052456,-1.0518515494946359,-0.916562193137772,0.27493003876828154,1.1851733869270211,-0.13848611867503346,-0.4928125097811849,-0.6263072264393277,0.49974744984289016,-0.37930082606833193,-0.12769759512118756,0.4256282455151606,-1.8268990465317607,-1.8867282702259027,-2.3788192806186337,-0.802616989301142,-0.33740261994033205,-0.24996542790198475,0.15260459890788838,0.6612173058684336,0.07180934127727048,-0.4392223111912478,-0.5149355116671274,-0.16614267366216667,-1.0546650933848543
2.2413211429524296,0.1330133272551405,-0.25909167381483333,0.1574813595305356,-0.8374674444986207,-0.685532460699248,-0.4734182696177426,0.05187413931392055,-0.06312622029771722,-0.5191484648960166,0.3757096864258695,1.0971850130867407,-0.09597971597666471,0.2573930689536218,0.19636401997044867,0.5298965934984425,-0.3458939595728997,0.01164154679177543,-1.1374906489236285,-0.3467926563431785,0.6589824888132271,1.0166348577864186,-0.7008822718729266,-0.35340393125097835,-1.8960257769448494,-0.9261409970215215,-0.2481687180009938,0.4425365927426521,-1.9320825095961702,-0.5726128691269223,-1.1473473796780336,-0.46504963251790765,0.31662187517714535,0.36942866890258763,-1.7696776890451813,-1.115848301840595,0.16155282646990146,-0.522625267374452,-0.17939915019559785,-0.8028254878333377,-1.5594561591234117
-2.4874833851379745,-2.0187217549407737,-0.6836164684990244,-0.5829052567897053,-2.4002455108961263,-1.0635309136482791,-0.71010827240921,-2.2882213129100757,-0.667200720959052,-1.0125730335652867,0.6463954776015228,1.5881021905089696,1.134513255373175,1.3988654070783837,0.40721647742299827,1.215970683679303,1.0197520114793908,0.19335762411915633,0.6254605071447618,0.1959035377606248,-0.7238216227839148,0.17401593612560468,0.6315172523012235,0.867676602421027,0.3784349681165196,-0.21200280484148887,-0.28919024371891494,-0.5328785432260704,-0.12011421540937085,-0.6721457084188801,0.08671798693961522,0.3112423495561235,0.41147117334908656,-1.1987756283206987,-1.264464934351648,-1.879485123858856,-1.7584536136337976,-2.44881021244862,-0.7759459431835194,-1.7402652884227896,-0.667400311580203
-0.26261551377906334,0.9235238492466956,-0.23959690883587395,0.4906400801672551,0.14606767281055855,-0.2114850209971106,-0.339048111037557,0.833655185167542,0.5777431227346971,-0.022285488660280565,0.6202987608960855,-0.1541602342902981,0.7682836169738773,1.3250941987578273,0.1564376651125216,0.7984700520247435,2.089628568347025,-0.05141813377939071,0.15971809140811186,0.2958573826624725,-0.6876232818679117,-0.5693233066372868,-0.18206274317905977,0.7758222614737607,0.18245594713200772,-0.5247614142755858,-1.0181037168923175,-0.3297328546829543,-1.611763755724436,0.496940152368612,0.3905960595484776,0.8623600362185854,-0.3065478271254882,-0.9589667967808234,-0.5808097298649995,0.23748976555604212,-0.4822181925618694,-0.1501173178913747,-0.9388827578133211,-0.6102830365746473,1.4143693947910108
4.906594636815749,-0.41652705640641735,1.5341484576219708,-0.2635044781428922,0.2927799586335433,-1.1141668343847184,-0.24752441130450065,-1.3575565056525822,-0.02080620324391491,-1.8758161084010938,-0.04105707919671355,-0.2578835105310455,0.48424403200006955,-0.14861637218063442,-1.2057839073421535,-0.48610972083963544,-1.2726012755443068,-0.9249049097608376,-0.7063755792073129,-1.3199946478362294,-0.8194574198293335,-1.4370532847630142,-2.5560241361267373,0.4575719743249027,-0.6769764571657654,-0.9992190525245159,1.453812652124254,-0.11660196877507172,1.1333906082697331,-0.6646597133919002,1.3734137130398063,0.7549989125295645,0.7913672319581389,-0.020303975030243487,-0.03364845457975608,0.10760644621623404,-0.3754385958693006,0.05260688992767295,-0.10272692919531408,0.273633145712928,-0.298887916229796
-15.770461543430228,1.9734794915681135,0.7109127223071559,1.8085515349707726,0.6347851323921574,2.0062601994939597,2.973825278349293,2.2622702828384935,1.7334077107450727,-0.2339715718984432,0.15862679728524826,0.44292669686069536,0.5363982292643862,-1.108675544128978,-1.3907881530660453,-1.0188093395596391,0.9651247348062499,1.3956038445051324,0.7704622680885754,1.8410589101453032,1.6620828206582345,2.4130283778908184,1.509183918394109,0.6818582347029343,1.4688602753866673,-1.0779211906427786,0.17401810379684265,0.4066930083016197,0.07975453326125789,-1.2762731082376866,-0.07925672168958718,-0.18833993729194598,-0.9185333942851376,-0.5273854901842925,-0.4096563725037933,0.3786742956441606,-0.11874142225658077,-0.7232329065807819,-1.8109992734759657,-0.6694260099775321,-0.41379947973591197
-5.79323159678429,-0.9945544409762769,-1.0025738468325849,-0.4645953841564172,-0.8854185636204915,-1.1824379918093646,0.058211048378733914,-1.3127604949306464,-0.8003347231376681,1.706352773222407,0.5645884562970381,0.5113150362602406,0.7010835326226703,2.5413023142427558,0.5005956909873914,0.5280347927805562,0.03709157438253884,0.6039343942984179,0.7324825235543494,0.8140121259319281,1.1932318618029394,1.3259185536134994,0.797329352261213,0.628417698268787,0.6510426824714542,-0.03275583892318943,1.4240332040377912,0.6640656664338208,0.15466907048883838,0.030401991557358416,0.400037175336482,0.8094687325542576,0.46421119845664904,0.6502261640762754,0.2656293964553041,0.39190521228234027,0.5363608169001901,0.9736195943001025,-0.2830576927957065,0.22238300868331073,0.6077653891048758
8.600953234116899,0.451911075016611,0.6589024027639175,0.5108114108364042,-0.550612176041676,0.2235836465738869,-0.17751665926347948,-0.30821664119343267,0.5183914296467097,0.19326632491473025,0.35647042886407926,0.029854248889191658,1.114246458393812,0.0935932848495724,-0.24357600514558977,0.3112585171511236,2.2500601330134886,-0.3121887809871934,-0.11233694440591484,-1.0671180292039217,-0.450078197660589,-1.1536313122752406,-1.6740324401994688,-1.7619439520626499,-0.03367574252025305,0.41622791735276304,-1.1276507662258644,0.688022658038156,-0.03310703451145812,-0.663763156635601,0.04096420532567299,-0.5608105551315992,0.8115525251884568,0.48299720843310934,-0.9820821486875028,0.49045854755040574,-0.597624972068337,0.25100629090164667,0.14019337764663534,-0.40280203225123234,1.6731199117029112
-4.308968901217365,-0.20274199945663668,-0.13835373960293967,-1.3933125376016984,-0.9561502922959147,-0.09539474691423956,-0.052273906600132536,-0.3510918194260787,-1.2273665660082491,0.22119934467273206,-0.004130003387189819,1.81300589042592,0.37836561930726426,0.7060482163041597,-0.8029527156662926,1.2999777783325794,1.4803895883026423,0.6628923755451617,0.35911857735209624,-0.9202181272691236,-0.030272159522482113,-0.05023581707073602,1.0977912049842218,0.8746158405923165,0.04591450325034513,-1.4955015432767256,-2.1186565141818283,1.1852194137450742,-0.5530506595921165,-0.35596488117329583,-0.2122231048670937,-1.5919775694257015,-1.0688327236494775,-0.741544821330085,-0.8969284774648884,1.3981845373765402,0.6764489998484928,-0.7626766072311791,0.29506085953708056,0.48070735008762366,-0.4562649660197586
-0.6096279072348164,-1.1814760731920226,-0.8174382082770709,-1.1044477819104388,-1.0618827612864867,-1.3090857549350592,-1.0625409138938886,-0.4881793141243378,-0.4495540887210421,0.21395096728238516,-0.5108251367865634,-0.5627456893872506,-0.10051962902540165,1.1543479329178596,1.1844167730470208,-0.10459374017101465,0.2870118291431213,1.8646855931592523,0.6228428432589319,0.918268468630604,0.33324782497242855,0.7523403109207578,1.1925525290180201,2.416028720222005,1.817697887241839,0.8736594516111754,0.6221015179851496,0.7028237208715074,0.4346067480287532,1.0417633088159999,-0.7616624931610465,0.37586855466344854,-0.32374244694006166,-0.061001963877165485,-1.1205383862278049,-1.908325896721239,-0.523190719868536,-0.6751433232687643,-1.0576186938567862,-1.0393773428231046,-0.9618847800355226
-2.433961315973772,0.8345482508178557,1.5962750726952193,0.21677005192474486,1.3373856500035384,0.39289392208186896,0.22116297261417198,1.436090263212556,-0.16405815677771238,-1.3674770494511514,-1.4599419062314698,-1.4103447407614058,-0.8819771841240224,-0.8593192658951669,0.009478597981998868,-2.8721651471963794,-0.45083295651107047,1.1061339393175245,-0.20044408735659106,-0.24039256968109995,0.005197016207375374,0.31612615943909256,0.2939570322832833,0.39621775873614573,1.6857320189862792,0.4332514728550323,-0.6914275731439723,-1.2242441426540225,-2.381843251009181,-0.3639973289918715,-0.8578717144399246,-1.3862839979973145,0.630252624752592,0.44917794843686937,-0.014657322097198217,0.6280309188598879,-0.4458711678127788,-0.2705850746266764,0.009868975220467615,0.14519118004870787,0.5219090168714421
4.621415730179223,-0.7941529893993282,-0.27074619129317873,-1.150669077595275,-1.1961132614895682,0.0847772979875712,-0.44672363554621985,0.07412694439743699,-0.5009142776147248,0.15449511642388356,1.1036318981139073,1.3864464955989444,-0.3716719663789676,0.21244664128375884,1.0792479308440188,1.0403358123332127,-0.8691281304243574,-0.22321293219593746,-1.0061880496343152,-0.478383441712719,0.387537230575111,-0.17994260655812588,-0.9936774846649534,-0.306425280712805,-1.3848360794592456,-0.010414538020874081,0.1933675326424228,-0.28820009275843667,0.27113501117639344,0.18970311041698878,0.8020444243372113,0.2729591178102723,0.10369117264572476,-0.690863512010953,-1.0891758927462962,-0.9913759554356699,-1.5761735496567713,-0.9482540654719683,-1.9273397548899567,-1.7051725064493746,-0.5473852144423418
3.851326457475079,1.302389426826789,1.6725743392459147,0.31668365094302914,0.16739543094566633,0.4922231929950158,1.3675279388564427,0.4592509236131298,0.5036717983247783,-0.20593524891311202,1.0993009293479772,1.0477231577578887,0.3346948840255178,-0.5031092557238109,1.0137270084165997,0.5932426124891095,-1.2272775658670696,-1.2248686309003833,-1.3407268499624156,-0.39328344449224273,-0.7099612151698433,0.4021062398389124,-1.3662491280553921,-1.3113320285831445,-0.6515818186116216,-1.1793916731116771,-0.7322274739211524,0.31274004505889014,-2.0837514293902273,-1.0814261573910615,-0.4585502974031433,-2.3740239263087957,-0.4548116807926261,-0.09545213298215975,-0.3009623209073933,0.5242961690547134,0.0381536919470452,0.01864726487752228,1.0423274023088007,1.3686566709784198,1.004052987558674
5.179147828776881,1.5632125838050226,0.8477012210137365,-0.07106583536586843,0.7884151585731899,0.5810406877992872,0.14969644213492467,0.94316550320682,-0.2697446896808864,0.7689414504296305,1.5038668393478962,0.86024371391261,0.8159749750043632,-0.41890643488835094,1.8640767425221527,-0.449557080342149,1.2149300450489866,0.33634328529179214,-0.48303768701523947,-1.7132602139491842,0.31395020659063966,-0.5722626195820805,0.02869718115590728,-0.227817865943075,-0.3244732766556799,-0.2369661688421433,-0.25589362282465195,-0.007107349327058531,0.3228527388284829,0.7224901182607367,0.20795517608809613,0.08986446524237252,-1.2256313759057131,0.9071220269751145,-0.9088473657799312,0.8458704179709569,0.19341451226317308,-0.3533755276799982,0.2396138393668014,-0.4163419482818955,-0.3253315683548214
-0.24118092614961384,-0.6946502845236523,-0.15797291765947002,-0.5787864858243621,-0.617278600864787,-1.2904346119712735,-0.47908189297922527,-0.2443684405521678,-1.325603897178191,0.01197423437857534,-1.8094927121187578,0.9445343530692482,1.1793756039272223,-1.963412743727782,-0.3433350193236746,2.048422581085452,-0.2531725546492341,0.8356143481373873,0.5771011740630572,0.44446954898967234,0.9833531149843735,0.8039497901408637,-0.3186885316559042,0.9656747007083489,0.00855271329047604,0.8035893266133226,0.548340979106013,-0.3679667853657756,0.9810463448351451,0.06443937113926282,0.8589981828427924,0.1928432854774654,-0.4151952638149032,-1.3147565274126876,-1.3292671349479506,-1.2449924288559797,-0.18998825879855955,0.18282041566250215,-0.4804779304643289,-1.7696208604813704,-0.8714878492823347
-6.799510575222873,-1.8206190619949298,-0.4307798246812692,-0.45008657345668573,-0.7223698669968597,-0.5008722850984532,-0.04979257210932897,-0.7747344334067228,-0.18807808817334598,-0.970954306862376,-1.7588505018568465,-0.9465934843166798,-1.2739499010965323,-0.8619010086469774,-2.2728686041315913,-0.7651970698866125,-1.331506535904894,0.6791129569415542,0.06490970246673489,0.28347247185927277,-0.7561955636527337,0.4680937190274998,0.08068442777227625,0.43394232991645165,-0.5706854093791851,-0.6310452933351468,0.8374969195494266,-1.6260942860983882,-0.37129658599835247,-0.6827002418578261,-0.06224295718239869,-0.3696293900196838,-0.14529567967399454,0.26432067972534784,0.9226551402996427,1.9818625706528936,0.4070656244385801,1.3127576048459475,0.5491914895424983,1.322899932591334,1.288827297053989
3.518159605245772,-0.9174354862148701,-1.0623564522232232,-0.632579748888515,-0.837189260181884,-1.010068770182671,-1.3737965032648893,-0.6549042419496703,-1.0136379120144385,0.6833042145691136,-1.5096690674389932,-0.6583664684611742,0.9995827663851927,-0.9919644663927885,0.9062501389841723,0.44824906351509036,-0.17503232162553892,-1.3911504449554526,-0.10749523050967541,-1.7279253465172097,-0.8924239487726442,-1.1642303126341824,0.4749083994682037,-1.6637799129281214,-0.8434431765284376,-2.203250029328972,-1.6956221746314453,-0.8954056195178167,-1.1323647114504483,-0.7544938316372755,-2.28330984653834,-1.0452255633066534,-1.3202826533841319,0.5854263742469454,0.3680657553557549,0.5800539783932396,0.5544692350162377,2.1168614490133866,0.9222752635249258,0.7236168122774755,0.998715446313152
-2.790876861390118,0.6715972845634748,-0.2549369628318475,1.1133233108317635,1.0209209471426026,-0.5700950201426961,0.668382535693517,0.4546194655154765,0.6395733989352361,0.8677466529249361,-1.6233270146693546,0.09933288490057761,-1.2641977073465052,-1.6407509461808352,1.006727678753756,-0.9112005632974028,-0.8596502685731259,1.0792422525183907,0.18175913639701885,0.5783200136335481,-0.9872631828952296,0.23695438784877204,0.9031446089470867,0.11752228508478718,0.12156693138543219,-1.3690559980637218,-0.28002937394854865,-0.24651692806413358,-1.2853585178617255,-0.05966099565262785,0.0092194782576129,-0.38594107026854224,-0.7411995814480296,0.1110840629891392,0.25796472391755493,1.1128899934006349,1.8987752302150362,0.1449474470934215,0.6062279720356993,-0.12486573155140701,1.2567639430439137
3.685795886983474,-1.0481120538769464,-0.4309621125911669,-0.2900497058488838,-1.0237202936025334,-1.2170059808960194,-0.38644194829233564,-0.24942937989723718,-0.9801439012644354,-1.323686084075844,-0.08404761537672807,-0.35608878197385085,-1.788028480695284,-0.7751451682591372,-1.6137256005831868,-0.05942580146931408,-0.443869331012042,-0.9740333552811831,-0.7420557474775605,-0.8056136389736529,-1.4091739998417845,-0.8688234081744343,-2.2653868743502814,-0.5318426732781683,-0.14782013929233698,2.5605539804706403,0.9403804082695456,-0.026532512131478413,3.1248460190974376,0.30963230263603014,1.1658566750374686,0.6945197449235866,1.7224017258380273,0.7770113434925057,0.43173692951602166,0.837930276530067,0.5240786047971309,1.931352704316653,0.43282009132189503,2.8566975242801074,1.370787882329035
-1.058933724060208,0.3894873947148524,1.0053859062617658,-0.319109484816296,1.010740885575347,0.746365668039766,1.4772623110856087,0.2813551391218197,0.13622729630960476,0.7370438309069683,0.623589642802387,-0.7005176031992805,-0.7916257900289106,-1.07030712341243,-0.8077014582224671,0.4011587829191528,1.0426635792936294,1.0609992659901542,-1.1946068677418902,-0.3492295452180282,0.6813180633062137,0.6684635502457345,0.40538260022978506,1.5368630238134442,1.702752353533209,-0.13292763621054068,-1.3285210014300184,-0.22226219312999826,-1.555325510940857,0.72248559826264,0.22711879612053767,-0.3432200613121504,-0.2194028420828922,-0.20970454898997032,-0.10293865608408093,-0.18847371792383177,1.3209409601203475,0.6410679248121967,-0.03425909792727602,0.30402023874687106,0.6696620287799485
-6.571073295677668,-0.22855612643228201,-0.6149933233422312,-0.8357198218362482,-0.631335112071148,0.5871758707594721,-0.767459353247515,0.45079654475855835,0.4256689047463128,0.074581054245958,-0.16612518323201875,-0.6958501142175597,-1.427410299757394,0.23891399557408804,-0.878669504822757,-0.3978591202937571,0.48249235704115906,1.0207647496334495,0.8280127673429911,0.9121870409369526,-0.6666612740317045,1.208670653579391,1.0165208731706346,0.5964263160709138,0.3554857605452412,-0.8383424795433813,-0.8026047776234452,0.2433521719346654,-0.8514930453330078,0.0315602991974884,-0.30789146836173964,-1.0373963125580576,0.5151711451120573,-0.9415879906874766,-0.1072273570997606,0.029212098149994016,-0.5769066918373142,-0.5271094478785883,-0.9932316276605916,-0.8567009203290756,-0.8581875349726077
0.3247938049136023,-1.0419882858007588,-0.8854050659974535,-1.3259697024073098,-1.6008720402170282,-1.0814584968401635,-1.7103410065761433,-1.447128939806701,-0.8575236776148165,-1.8222849522648967,0.20713263662861556,-0.9210368610040276,0.8269247260128353,-1.1677190451105355,-1.3009414569109767,-1.6310297633438644,0.11685573550461152,1.0108567113026572,1.4956811894635875,0.6661926159296785,-0.5802567457534172,-0.3562452718454426,-0.5137018849786101,0.3524295408624729,0.5053769448051698,-1.1638862407923665,-1.6025700228630329,-0.5369783194499078,0.9355245044884617,-0.9495108450327999,0.0006485372500492143,0.838137575455571,-1.240715792321127,-1.2480173109631558,0.04999435250719705,-0.3329744868721249,-1.567037863968189,-1.9160981888637514,-0.8581754472507399,-2.3836901802751624,-1.7129561833858697
-8.945143992187043,-0.20429144102032526,-0.4182740577965557,-0.3597841864566228,0.25132432738337945,-0.3539327062573512,0.37669416560897656,0.2366042130151569,-0.16482511595928384,-0.9274627858440487,-0.7401802862205075,-0.7801504885256132,1.2566106592277329,-0.6586692476021149,2.8437234508991995,1.073311687137198,0.44110133007282165,0.9472688251185146,0.6582630976733707,0.299582192288538,0.9855626427293027,0.09680927621590274,2.654794891950488,1.0999844078742687,0.6222081245368101,-0.358288084740961,0.5749176580766462,-0.20175743678104616,0.10010112117489539,-1.4750338289745237,0.8574122077730819,0.045436143723973275,0.35501450958075426,0.24274068717557495,-1.5519169159991408,-1.1923631063387239,0.5317829641514491,0.6988190259208642,0.43666165215379327,0.4450724723499695,0.9250616925712147
-0.8966903153617546,-0.8700778228602641,-0.913450175571958,-2.2620874360082253,-1.0575587540820683,-2.7336376478782674,-1.5148573060921406,-0.008871810807285612,-1.131975392695074,-1.5335517318957956,-1.3453472300452356,-0.14351615154828254,-1.7902211751918773,-0.9634212819118085,-0.20429955175312925,-0.5102916769056952,0.9580376962810598,0.024887896296429065,-0.002849725520189493,-0.17021243960848687,0.43875148878839515,0.7948366147351542,1.182249797167735,2.41863519647829,0.04182286268561672,0.5164978488049413,0.36210349487242693,0.8747907859686197,-1.4367033468458805,0.006628910812188646,0.0840273009088808,1.5456456170673878,-0.18106861907961316,-1.1000814146136135,-1.7380782191307755,-0.9600680677327327,0.37958630815409566,-0.7767319877511133,-1.050876770701478,-1.4189530982866903,-0.8491045149057753
1.398375919672231,0.9248293373922182,1.5089859109658617,0.47839629521439647,0.9990231678648145,0.5841299851101284,0.17289268392941687,0.5929751313585571,0.25045706294742975,1.2070488051465813,2.059463311094633,-1.6684121737324902,-1.4522528534579004,0.1646665821727976,0.6559652502805297,-0.46635420684962237,-0.2785852783834288,-0.22899429050830342,0.3900961688571564,-0.1759770337150335,0.5522504027152965,0.5470771930272398,-1.0081267686641286,0.10549963916719644,1.7143356135195245,-1.640838761502697,-1.7372395079116385,-2.1158630547191377,-2.0941483173931563,-0.8879228669176384,-1.6393627759851395,-0.040979042379686116,-0.6563057362219232,1.709265255821034,1.2195442793275484,0.7862591361805239,1.8647261349358397,1.592567859777459,0.5126117970804035,1.2391502402270234,0.9232574895434693
-6.9592130948264295,0.7020732598754009,0.8966824740027987,0.690792026347611,0.47880216868606773,0.18358953909587455,-0.09700793109067299,0.2892326092797856,0.3270988139088467,1.5549682104936793,0.32231627204126234,1.4902166747037504,1.7931706195649617,0.9657049602106818,1.8302888891011002,1.1307719913001912,1.188300669887722,1.7636910054420074,2.62539053638448,2.9881343764538935,1.143990316706779,2.079787511282568,2.5943048743054837,2.3969446516644397,1.849525960734265,1.0479830868406983,2.7949689595153195,0.9951168400574053,1.2042881353864388,1.5231445420523462,2.559623564289468,1.67931094198803,1.8161744158299937,0.13905154716050314,0.5092338110971532,0.637597693255799,0.48361569432131285,0.35538428713870035,0.10753707028611413,-0.4174935146060365,0.3361345542782929
2.6508062052607726,0.8612946297723761,1.4845725554170728,-0.5023948223614313,0.11318765610453214,-0.2991630616992844,0.6064626922733699,-0.28204247678165484,1.6648840272285468,-0.5896964352740806,0.265291122427321,1.2943463543050377,-0.4061146843022965,-0.224533249727338,-0.2749711895650524,-0.5739042750955352,0.46614750398155247,0.7860236805872204,0.15649169975418642,0.14447216158752726,0.5167403757866715,0.342135169067821,0.3911940480126264,1.0522187065972084,2.063742977689843,0.40704631141688496,1.6503623692750276,1.9178494753779072,0.8672080794898372,0.6123770775647148,1.579643047542815,-0.6519594568152355,1.3999299382843184,0.12755220693277752,-1.3744355448543395,1.6317356951831838,-0.8974174842668313,-0.47025547915599525,0.7171186203280164,1.0029631597555988,0.7783409147697311
10.81782147607568,-1.46298149574043,-0.13250035839661992,-0.30641491510431634,-0.36137819176711117,-1.4929093771909174,-1.0583239710587806,-1.0090673470958198,0.22772624027060137,1.0989778696576997,0.2691052589776967,-0.9389534914779696,1.0880352880998636,-0.006548642778719867,-0.6682074173655829,1.1466255202819513,-1.3131273275329272,-0.8516896013607479,-1.5593183461503322,-0.3397236162247947,-1.0462706381333893,-1.543952989288579,-1.2962200773393517,-1.8932774550203841,-1.534068953771264,0.4831675549169491,0.920868387298025,1.4537125033424363,0.5050532229933694,1.9953425393947566,1.1336760424154457,1.6934694871800926,2.6582011670000547,-1.376362604755906,-1.1607760345173326,-1.8175649233999729,-1.0111308306740419,-0.5397386020192834,-1.0530171280447747,-2.447929262547475,-0.2969234103543185
-5.956745493042403,-0.9718503162547446,-1.671213741693714,-0.7069609115565748,-0.26264844959980427,-1.4902297690023927,-0.29022523123290966,-1.8123097401165218,-0.06344205293118034,-0.8957401504385335,-0.38501817851530296,-0.47494379157499067,-1.124105093372937,1.238710490397215,-1.1440401097503254,-0.5382815141937625,-1.466055156709158,0.22728745948053833,0.4972411794478593,0.462592329060543,0.5228467736399705,0.980006187899175,0.31850891551712196,1.023934231789149,1.3176143916531728,-1.3008498158270232,-0.0013746777837508983,-0.6502049259278385,-0.6610864855754183,0.6889490029189052,0.11058513432572116,1.135505339261588,1.6108398707662532,0.08486562071241181,2.100424168513112,0.8025183936178341,2.0494978920649314,1.1724145325502067,-0.24161058423724105,1.436209725600588,1.1569131181017724
-4.05810610514224,-0.3694102768403796,0.20253233416704178,1.0622352220505848,1.8223726777252467,0.042166971433684024,-0.060308295661257394,1.3890914899498423,0.6262534056742727,1.1090463402252666,-1.2549422008477635,-0.834458327276392,-2.167969996185432,-0.30639843588050003,1.4183722400534844,0.7201599710830627,-0.8867876831773508,1.1177418016189136,0.5301345956958173,-0.033629077087960244,0.8904588621210882,1.3326143176292584,1.86615159790969,1.1123323256442998,-0.8978962566224852,0.7845391327625835,0.16612219439671472,1.6395216064010851,-0.20391968217252449,1.0551754090399417,-0.13816525556364975,0.9938265051900939,-0.7539089089021757,-0.5690112124577956,1.567598171362541,-0.9360774181923973,0.5104191142277986,0.4144241995380393,-0.1986637888217675,-1.061143622063982,-0.40791546608277485
-0.6774353234328245,-2.103035801186286,-1.4623890031930753,-0.6514183348671918,-1.4532182482186633,-1.6400596532161442,-0.9781427772350779,-1.177995264006068,-0.8332566301916581,0.08247783011991137,0.49471087989337326,0.632297084962176,-0.9263832311827829,0.8179309232390918,-1.4610031832686312,0.38819754334272316,0.6357908935862812,0.06522163088872923,0.669839754071143,0.44443579450664766,0.003932039148888944,-0.5435046653126959,-0.6550990284322129,0.7198832646671273,-0.8077335315860182,-1.2623755782716928,-2.535325915597719,-0.9335492881070748,-1.543327613853722,-0.8597984269491526,-1.6530197053976854,-0.8882678861116841,-1.4981273346331327,-0.11263265311957481,0.12395027095594274,-0.6826952404678567,-0.3374514958004816,-0.8952378786378725,-0.5756648726808051,-0.2724326208879703,0.4958756151315915
-0.992066700276758,-0.3338101971300461,0.8125208652014289,-0.6222701963360215,0.25499983678944993,1.2290888211721505,-0.3591811453042866,0.7892993358872865,0.3210567212077537,0.037302738054230275,0.8893405591019966,-0.08606447203268251,0.640300002962076,0.27538721513189557,0.6038765565786751,-1.3067386077631031,-0.3669549875022694,0.0189811898711521,-0.06686346296789825,-0.10340478958674917,0.07154189252935235,-0.22520556838528322,-0.3356000805403743,-0.2442551378050492,-0.39123918680261177,1.0945835702578133,-0.6561614328977033,1.243321813298916,0.5373517939876941,-1.4902129256969305,-0.2706077988658146,-0.7381071406105981,1.5170210797618517,0.24750528136988142,-0.3934708609421557,0.18092031253636073,-0.8063929604366568,0.15950346921902767,0.8319521699513096,-0.06748448570837945,0.6377252785597596
-6.406338381087139,0.3260774296158829,-0.9389194414600515,-1.346771243494769,-0.6519323278455098,0.13602723788637405,0.3775269695994982,-0.8521357703323573,-0.39645231840990763,-0.11122255416075057,0.2242250171784539,-0.6265121715911864,-1.4355606393007754,-0.7634260391001451,-0.9386908726993445,-0.02121841983031619,-0.11248249639442504,0.37689090244794454,-0.5130333267466014,0.2601064929214048,-0.2916663512184207,0.962620458377446,-0.16159400540702487,1.1620260638988806,0.006631313233490171,-0.6047070678124545,-1.5341986374422414,-0.2741451237967052,0.14374257351608433,-0.0008173921736090254,0.33868044562798044,-1.7872035813202296,-0.6136015009355078,-0.1842100089053733,-0.14752319690930227,-1.191746892881072,-0.047111769593343,-0.15405810830385652,-0.37980303316092856,-0.395260144397083,0.1971778801379457
-3.2569781078208484,-1.416467194750698,0.027932540738755448,-0.48202998929897467,-0.4039308131165649,0.11142887360313071,-0.23395272619507373,0.3630396785462063,-0.41341373543399695,0.43509880957853897,-1.1267720049054273,-0.28061493334164556,-0.6995280371103614,-1.177118777843002,-0.8015949109829493,-1.2578991035927896,-2.377820791036043,-0.3453722108121941,0.6455250512581026,0.36266688132263336,0.6519265132218347,-0.5445734634423844,0.22058781632994884,-0.04302413961383404,0.8732611935690477,0.8617601707011049,1.135547549267145,1.1950807264002894,1.2215748034417562,1.890955418629875,0.9646025386485241,0.4133650443978415,0.3942573702705942,-0.29623545273908913,-0.4445248662695185,0.6385410736724899,-1.015131094723816,0.4598232419192723,-0.3335475808735578,0.2302712228325223,-0.31931143842131293
0.1274250609840113,-0.6445908338465794,-0.11764933191146355,-0.7507643722654093,-0.33403352857124713,-0.2927909479818896,-0.6434047224123602,-0.13876684089803482,-0.5222260073285535,-0.3270570179333242,-1.2597855550813972,-1.5654685103899826,-2.1768742779407644,-0.781137848758823,-1.0844238098985117,0.532004746679083,0.10177340996240695,-0.4573758177718306,-1.5419643824223965,-0.8050654349265715,-0.37661030115386185,0.6475580644465991,-0.6595182644275469,-0.49985847738386796,0.681434458894867,0.09432942002808675,-1.4068345248378944,-1.1431774545013338,-2.1140971919427196,-0.6773825683736602,-0.7836220732482131,-0.38473712606386923,-0.6619910563942843,-0.3241373637117863,-0.07349101648585125,0.932753879085,-0.915344928291984,-0.06176123592689751,-0.905979169732026,-0.003055309906922125,-0.27806272043112257
-6.735992680898478,1.6728118818463642,0.6710090657419855,1.817450953931256,1.235615570042472,1.472984013940354,1.7778933877921916,0.9956924286289838,2.27548219106481,-0.42675772345560886,-0.53602253652648,1.3230168414867214,0.45282951597588916,1.5245970617060496,0.6284597332661566,0.06318491479293137,0.40189175807328736,-1.3433455966982737,0.34487888239369746,-0.16732949382946521,-1.0672850078144402,-0.8322129292883622,-0.17228271688948116,-1.146594523115331,-1.7141208402064152,-1.4890556298498847,-0.3759931016594937,0.31544645277397587,0.26862066495846926,-0.6628415769881276,-0.7161930445816836,0.24438530534365038,1.0476252446805479,0.9278846228021612,0.10727978480528476,0.12571080436745916,1.188484570002444,0.8027601773310161,0.6375641836254512,-0.11951334918318554,0.3944460233398699
-3.5784287444193774,1.6614148369549133,1.5722942420833177,1.281174238018699,0.8778709812583946,1.2407712954319436,0.984730399974476,0.9797623131130724,1.563750708384497,1.4118051618613683,-0.3204402475610605,-2.143320946876734,1.5072539544065873,0.6089937171929206,0.47287630626788335,1.2812296911636578,0.62772714607972,0.8291419674159576,0.1324372594422448,1.9747450172628251,0.7510992658227172,0.4669674606598293,1.368543141654501,0.390731452879683,0.7957098541098044,0.9740795022882676,1.0411841831312054,0.682468154185495,-0.3308950668196724,-0.4619798557425212,-0.40882193304027215,0.9136047730587991,-0.4378396442164635,-0.02757418338403047,-0.8635308514600426,-1.7032328061979596,-1.7065659261383501,-0.40678997719852306,-0.43085089082841654,-0.3775235599940524,0.4598074301841884
-2.885107062992773,0.6066511201720328,1.630610424775906,0.5761844865297823,1.1604883165905793,0.7066953944152136,1.1667754168705722,1.2882443362608664,0.9491033386603216,0.4840863198999781,2.0815873568028733,0.8695583018433755,0.4926384572336225,1.3953453953245296,0.7892334237755754,0.005826657096304365,0.7364219093431629,0.8119985896584756,0.7033308679103393,0.19987436437396036,0.38432512717923284,-0.2933767557287261,0.48487309476226914,0.3879436313036656,1.6294455613139485,0.1960065775383416,0.22641326142720686,0.5121653175655568,-0.19899472212311456,0.5674790515403759,1.5416142711951564,0.29923591822112894,1.304792504587137,0.08174645495100892,-0.40200219418063315,1.3067165659604836,0.526200445144792,1.2204622299337302,0.4521577085600957,1.2381339348793232,0.7673352669771007
4.498161316166423,-0.5970863639128184,-0.05439755155241291,0.48352142862447545,0.975804381209442,0.7009663450921751,-0.6213617690463284,0.002550847687888678,0.9057153156540987,0.3136849223261323,-0.9486321921173485,-0.7036633532720766,-0.518649897447941,-0.6799373175619627,-0.5315395971913294,-0.16731322445902672,1.7943239281899885,-2.1137996166751845,-1.0474862502927158,-1.4811865191801155,-1.206144979441062,-0.5548063985878887,-0.5928746322748772,-0.6174347521409997,-1.1988507029258941,1.117320488466318,-0.03311769863452744,0.31832574706573413,-0.4493208485282242,0.8417142958761237,-1.2081846841099873,-0.4582940536106464,-0.47317661334282296,1.186040037076471,0.17030697992154756,-0.14515997471585376,-1.9278282566059515,-0.5811351104214826,0.696913801967299,-0.5341208814515296,-0.034227378132138844
-4.52395391273993,1.268962183527388,1.0635635528491532,1.6204700793060536,2.302707997265446,0.836494470666549,1.199472480551649,0.2969221905165332,1.2685646647538111,-0.07754104540897987,-0.8445325972335754,0.5260799163766776,-2.2194591377379176,-1.3138850350055937,-1.2064608947661764,-0.7465602295748165,-1.5907588429405173,-1.2597868081310235,0.5482339454063936,-0.23678462309387066,0.34727821247783813,0.38103141228483883,0.03319712452535341,0.043725930929596,0.27913844417320494,0.6261929315027788,0.09744898452840303,0.3369490553455936,1.5748660542909703,0.8194395102438102,1.6559560132012907,0.14835907884988792,1.4915398916607798,-0.026043682247353702,0.1820006921312048,0.07403002223047235,0.03971999608623984,-0.2836823300034724,1.7423652575502613,1.706091653312077,-0.5934921777753862
-2.7438187745167992,-1.2304942457825288,-2.051207702994549,-0.5546906566045238,-1.3099042224787074,-0.8997767993341718,-0.8339398120915914,-0.7530031345909299,-0.3363049401153597,-0.9146197843960661,-0.6751070288888739,0.6716126312736869,-0.09799488479166449,-0.2242678187505146,-0.17948189631881864,-0.6684083321512029,0.24860230288336216,0.060425840001102064,0.9264380860385591,0.3071175708338219,-0.6430035192905441,0.3119623975341831,0.33990412213791116,0.43222094731422395,1.087770797703222,0.9493828954957756,-0.02699176393462426,1.3411675414731488,0.9242507502147851,1.8827588316608135,0.46252443206040694,-0.042449186240912304,1.9872130211038475,-1.6129559964173468,-0.29378848987152645,0.15860803534105772,0.7958583822845504,-1.5642288116157395,-0.7037217761942862,-0.8364454253322273,-0.05128330376638562
7.102289639207802,-0.9700934497139104,-0.7350032958311162,-1.2064371316309146,-0.523267455052401,-0.11712544479256595,-2.0441752971505758,-0.4075333941770786,-1.3349514623413947,1.24096443403339,0.4169143622001673,0.8434406479602379,0.16601536859050983,0.0033378966412174966,1.0143695252049993,1.0490994998160517,-0.5031680113906847,0.02578722259520832,-0.27749709463525474,-0.33226659602308256,-0.0933539143717621,-0.26526017048514977,-0.6808603879248385,-0.6455319622557572,-0.982619631166265,-0.2837419385905034,-0.41706967426651426,0.7642761856344603,-1.005635381718288,-0.001961212081957841,-0.7405516240170256,-0.4222733558230668,-1.2224513652191427,-0.9749286302730387,-0.11448022744848756,-1.8012182972995827,-0.5932492300198056,-0.15528663208541157,0.04853495934445891,-1.9557607306382736,-0.8692470534001732
-0.3835105722437038,0.6373194377344207,1.2942645229493728,0.8845108352851665,0.9155869967528518,1.4886355681180892,1.1411271683671116,1.4681162819900657,0.3682632675443405,0.996375386464668,-0.3836251153640871,0.4547019986788634,0.700923959520071,-0.7601795820534771,0.43048152716496324,0.39437143098816874,-0.4412294374568499,-0.5620181732570569,-1.4507629303419085,-0.5452865036470973,0.06336081778680874,-0.7937130788281446,-0.3969325974455431,0.3514407347921949,-0.611662369785115,-1.3871801631313059,-2.286527698187822,-1.797640221860117,-0.80988703334432,-2.5045806777749946,-0.7548917316005046,-1.9823334368465244,-2.1592791978443624,0.3347213157128579,0.26097105632796835,-0.7202870814262612,-1.144218119055513,-0.22459047873477034,-0.4804510347592117,-1.0698746917817843,-0.08476979305209176
-2.8015327259378044,-1.1165177693819737,-0.3370157542161826,-1.2192232773793066,-0.2418748243015463,-0.79963684758538,0.015307706987171963,-0.2759440203566961,-0.2152713478840323,1.3696673287193726,1.6205993458025474,-0.9311103422005355,-0.4576495492812778,-1.0127959759367755,-1.2721056237330575,-0.4462847942422354,0.03947835425206726,0.7415348227644775,-0.36068939415117374,0.4232895731322852,-0.8204111444139954,0.5314579251654994,1.0327743514905068,0.2530785497974216,0.3939090552700324,0.24133840638885487,-1.8495107357297063,0.7153902773459512,0.055740081831138384,0.7399001989972599,1.3856644598733703,1.0654731207135932,0.4932128223215318,-1.4753836264404105,-0.5263076255772264,0.19067387482464476,-0.8041191000990591,-1.3113174735227833,0.3873977712165024,-0.998740301618951,0.40493776061236414
5.948461116782054,-0.4668303186627512,-0.9209441342006246,0.6190703686925874,0.5980501371517399,0.1892232074031388,0.0009595029871435792,-0.32684937249353,0.07533119870758714,-0.9712031249543865,1.83247714572937,-0.6369855414298208,-0.5253577118680657,-0.3723807558472177,-1.9596339098388686,-0.693998045765849,-0.2364387349423772,-0.8414051098480847,-1.4360077569412202,-2.395634695706465,-0.7822998018804747,-1.3856894022398647,-1.6803824558147071,-1.613377772691345,-0.5932191687908223,1.22753230073324,1.3234345559669778,1.3266786097283159,0.4008627101060515,0.4605569838241028,0.9930658235295307,-0.2937923624265143,-0.3614865878181735,-2.181574512534406,-2.113227770794104,-1.5680221621300345,-2.140655442313816,-1.8361895356109765,-1.754320244417363,-1.443102974305521,-2.849795037025179
-1.7338922188751573,-0.6936808075989649,-0.5077527257090595,-0.7027825882546748,0.02891738637964062,0.6003811115338343,1.0038605583950062,0.06268190977595152,-0.6126233091620279,0.49383069380393146,1.7044491430047883,-0.6598361072817256,0.20237695468818626,-0.40989844673926246,0.2986905284584022,0.36958280642838315,-0.4352812789378524,-0.7296360986665631,-0.42907258847649066,-0.5987912593989981,-0.25221687904625195,-0.6427333356266351,-0.1585306019526965,-0.19207567645550364,0.13204717110681194,-0.24892111298513867,-1.3270974424442197,-1.1645779421828881,0.885746132121426,0.6034662043480972,0.15718701389613549,-1.4281308606467527,-0.7779683475676882,-1.0762537507209695,-0.31912225583744397,-0.7889509142273585,-0.6160925553984838,-1.4152125550802994,-1.5739367647129552,-1.4720051189533214,0.05887391726655012
-11.533100076421405,0.7864378659885441,0.9339025398099012,-0.1051661798772589,-0.6947867771033621,1.0678137304541697,0.5192232942362489,0.321318500624964,-0.5566321386742817,-0.5434376986728628,1.255556973324162,1.9705510704750606,1.6833647937825889,-0.6445440454215152,-0.2751412318082482,2.6479555092931557,0.2733571161605027,2.008392412127422,1.6102180190582185,2.777235515934411,1.2128128213993123,1.988426128175765,1.585027946980699,1.2060303303976372,1.0083409248972073,-0.6654778505506961,-0.20005439131108477,-0.6114848317095531,0.8787692301733733,0.008029382887243416,-0.2629748315615709,-1.84106684400644,0.4026993150485878,-0.37701857961272883,1.0150751134912561,0.4135325229772612,-0.5900107014463252,0.63113467139007,-0.08788933260528917,1.2166301198736087,0.7723617036575536
-5.23124522220535,-0.6554550169343107,-0.9488519577787418,-1.6549460552332333,-0.17003721101336478,-0.5923910132548796,-0.8185151553400482,0.06057037819480385,-1.029820416190111,0.3227505442235615,0.9285999721819144,0.9552084184204817,0.1456400945582903,0.4194134024820163,0.6198897052170823,0.5976594584731862,0.5246698529218614,2.1402433153740996,1.4897301809327235,1.0079269388106882,1.298908723129249,1.8088355559874996,1.776285207064752,0.7491399222297367,1.9073534273153456,2.4493210945557715,0.4695027182111028,0.5374184460163651,1.1515514523619332,1.4538424777865007,0.6460821725213717,2.1509253190141533,0.6141450997884852,1.1361108722636588,0.6628459703711679,3.113023097894979,0.9614635589295394,1.5568331805007363,1.9618881805093185,1.4871043165057476,1.6547635152938258
-0.9714720000199868,-0.34649978468268866,-0.6076870564053859,-0.0008190703838866974,-0.7174669164598472,-0.7314637921182107,0.2661410421141159,-0.387617661040574,-0.09819073869384826,-2.371330064494122,-0.2969428942853979,-1.4951465460245432,0.0811198107378508,-0.41186894373695837,-1.1259912913726333,-0.18762346372131838,0.14025807531481735,0.12772744441288655,-0.8761363244311664,-0.807385126884314,-0.27367079937817673,-0.19523562387344343,-0.3334350194857036,-0.7497664119162358,0.7474553215755184,-0.7182841131286478,-1.555912439137234,-1.240222021575269,-1.2944174595942657,-0.8687277857988583,-1.0034855667181202,0.5456672454199947,-0.2749429882158004,0.044244867106956735,-0.3602934242955765,0.7653730121588003,0.1888254287679002,-0.4162726815190819,0.1773059656688592,-0.20939427283299256,-0.19523089034233698
1.1156955748724737,-1.4015209795669195,-1.2156523898530895,-0.9784155359574533,-0.3383789075906248,-0.31602688491717196,-0.9848876095189031,-0.28432411617214937,-0.9517440480581643,0.5346229568367691,-0.8279053217169801,-1.0044103660573873,-1.2794729074907405,-1.0310305953754662,0.4208599704228767,-1.1023701720358086,-0.9152772581921109,-0.19959584901161423,0.15593304707765895,-0.9884038871904663,-0.5569025065889616,-0.37315600719909636,1.694884976371036,0.8553488185353778,0.3406588950868042,0.617292877137318,-0.5444676947196216,0.5319531123390296,0.38706953467446376,0.9196412531744413,1.0631592264602872,0.42193312575785896,-0.3683195113606685,0.6134973090002409,-0.3175976845725215,-0.2385690469951177,0.9212625550278338,0.7285008165885409,0.9376115982695573,-1.3509275178728182,-0.7529084135247628
1.879761969704112,1.7744042260100603,0.8077547731062203,0.8056986639700421,1.7825325522075142,0.6821705268159369,0.412704904596674,0.4464463586926874,1.0525266084874005,-0.08676364200401636,-1.1960185601756972,-1.6069635776505036,-0.7745568505141437,-0.1629136880555525,0.3412374748756455,-0.816179558665805,-1.1108952056458865,-0.44543878947743404,-0.9070074602049827,-0.44105091100720406,-0.5830586294120309,-1.2190330727986687,-1.076922898295824,-0.3066015605158247,0.9082023030038433,-0.2554142105059137,0.35396770103824465,-0.3394305242235711,-0.9066949554201377,-1.8766333320034037,-0.7098809049290994,-2.170397128333568,-0.8331552641694175,0.1235600305729651,0.38087748444266617,0.3439281683464777,0.8634501052077178,-0.6302561736663872,-0.18564748360877115,0.23086780479320837,-0.5068734463892336
-4.641873955294999,0.8087204513113154,0.4713407275157995,1.0180128238973387,1.8590457597267283,0.9443041603285053,1.325146850632013,1.1799788773209652,2.0729577119676006,-0.24660975932062776,-0.4346486305142685,-0.13189187615771375,-0.6527050348106417,-1.1958122537826512,-1.4058128287242722,-0.5207205547813433,1.340404349236531,0.33423143970612484,1.7977853785135325,-1.2126993449520926,-0.44135330559223673,-0.050493542089174594,-0.6188166057875379,-1.266882871530693,-0.19590805575236875,-0.4815201712503862,0.11760043020038478,0.027753338335516086,-0.14903905891199268,-0.39963328978340307,0.6231780751007878,-0.7924613254268325,-2.7072283209961436,-1.1368972060123839,-0.5884410811227697,0.4254929205663846,-0.6761234048075733,-0.11469296248282583,0.843860531987613,0.5004124219915032,-0.7748729074935717
6.344197158222215,0.3918755808617048,-0.5205856387855705,-0.7165050068062886,0.6595560569056731,-0.17414221381742578,-1.015876357259345,0.13029755029203874,0.07608897595803606,1.05182297516062,-0.5246548514783768,-0.9709877230564096,-0.2573186589491789,0.810591513072184,1.2608895547378496,-0.14086445053508143,1.40945287855749,0.47768257465363273,-0.43332905691895085,-0.7902977932043204,-0.8400712830947673,-0.2995899264367462,0.47534536639037306,-1.401376784555055,0.7345608249616493,-0.17167361448371207,-0.7495405913691972,-1.3143675880378913,-1.9726577746614797,0.6609110419065717,-1.5808775758976088,-1.2182242614271517,-0.3174514958434962,-0.11008078906263621,-0.3058942857891976,0.034814693555996395,-0.7714738135177875,0.26582711095585304,-0.2151719556497771,-0.06848672013861702,-0.2943869923997431
-4.948496522522978,-0.007026569948730471,-0.23026153298227742,0.20286247931655746,-1.33239257116117,0.23876097965061416,-0.5282064751820389,-2.0816833107442627,0.44889805720719145,0.4072610838295408,-0.5575366318095889,-0.00223610035169193,0.5540029380640616,-0.10547541381555589,-0.5587251591701744,-0.5396412627402039,-0.577472181293989,0.46838050970530776,0.33433270590080016,-0.8683010752514074,1.271634262817373,0.7604406791883628,0.7695464800486368,-0.6517411938365081,-0.0848375363308649,-1.3860793809493588,-0.2616833512107233,0.017067989733406994,-0.6800321045586085,-0.4449085937287461,-1.827114632293363,-1.5660096282185374,-1.5098260434299227,1.537152143070633,1.8871488489406245,0.5859151168857858,2.2647539078284624,1.1653474335616396,1.3523470316658674,0.9685046887141667,1.0386260217093
2.2444893363016023,-1.0456705774524286,-1.1209438869022128,-1.4531071123777248,-1.3228614937404068,-0.6640170754142409,-1.1277551732283997,-0.04726418925306136,-0.7887909752953657,-0.7268998804600951,0.7197543024452053,-1.5200568258168874,0.14969575333419124,-0.5580015002399232,-1.5578042062736155,-0.8774986527130927,-0.33855598866754477,-0.5830528407985583,-1.6766492398983295,-1.6636126194130387,-0.06097631824678004,-0.158856807646949,-0.6608200331842694,-0.7815347541437868,-1.45496433870043,1.0742169111638447,-0.13766237475009588,0.722255877271245,0.9226052371811536,-0.5979902964681986,-1.7653843020030804,-0.8848282128423843,-0.7338686606546766,1.4115594943101373,1.3000833424124358,0.19994659079683538,0.5326971915144102,1.208381457749943,0.26917119890331104,0.8571157746364999,-0.4186488633838495
3.6961557375017233,-0.34429549034824525,1.2778894892592088,1.0391448486217882,-0.2199524573904138,0.7582716808802751,0.8758813048611135,0.74980680028177,0.7805562884694889,-0.414218387408937,-1.1159519827660804,-1.8956478644376988,-1.2867191585791613,0.43806071956391446,-0.3577484725910584,1.3740859344818133,0.1673549523635501,-1.797958186507919,-1.9639627448620918,-1.7897809203355797,-0.811659730446859,-1.6216599505873257,-1.5691146632977968,-0.9079641510144356,-1.5460899590195478,-2.4605648207896764,-0.648666667518934,0.02722124012619293,-0.5699096163999247,-1.9409632802576942,-2.756152070324507,0.920830501968828,-0.5592118717272591,1.2402838592989898,-0.17737527930639965,0.1476182959168103,1.3663766695790316,0.7845908237906734,0.055846322488140504,0.04970219217921549,0.7243352144141266
-6.873084527202282,-0.1607741767673302,0.10738644825948568,0.9889264266173199,0.010772836799756939,-0.7057376461631226,0.03476610282271633,-0.3372064300716476,-0.059567245471988745,-2.493567128452854,-1.9446441573737023,-1.3714861167856256,-0.7517981916361056,-1.265730702084653,-0.1957330465585513,-0.3398714930554656,-1.181696735001743,0.7686505046086515,1.9276547757391267,0.9137664692545455,1.9160214044562731,0.7213832736509348,2.357001104592842,1.4662908212557253,1.1228017182160328,-0.23522550304272313,-0.135125846895671,-0.7931664986568238,0.371077194806633,-0.6067233858528359,1.2196360365910013,1.0792458052841316,0.11435389064271617,-1.759042345610227,-0.9481994727872858,-1.2451290537500859,-0.8011506922577669,-1.234064954187554,-1.8589990618598795,-1.577076519382621,-1.8644311463779788
2.2327023844979945,-0.6449333986240003,-0.5606093761331539,0.011044071994934271,-1.0750805624842619,-1.033221319986122,-0.5536577042536257,-1.183379527630643,-0.08058857091453159,1.4301137375988278,-0.6264232982269237,-0.5998923729400711,1.3073925156144184,0.18105602983064412,0.332484952584663,0.2218571853392053,0.6476210581295312,-0.2801633629063816,0.0236107477389827,-0.08883524726581515,0.14510926340120664,0.7769599326815587,-0.07638966842688243,0.6190728883516219,-0.3638933924133293,-0.8240776951465714,0.12084873815644509,-0.885783462108099,-0.35510529453088036,0.3660574466492795,0.7276147092478795,-2.462668206088965,0.1623808309179667,0.9739439008277192,-1.3942407599221214,-1.4233114465812702,-0.8530229301493026,-1.478357355717465,-0.158968496687467,-0.7815529978827442,-1.0547926977970328
-0.3658480791818568,0.40403372488791006,2.629790601255006,1.4081516315520617,1.0078276974246148,0.9372494701098222,1.5782969228415156,2.1373990174505715,1.4137209918485503,-2.2667044712236963,0.08169864771492216,-0.3956370953125268,-0.30125720504275605,-1.295028645834041,0.14980526112773332,2.172510810959994,0.5990514492687472,-0.18190484163329096,-0.2583507857469135,0.9557080678124119,0.09043240729229472,-0.29929929731981897,-0.35961507550697347,0.3232267672985595,0.7573936856520312,0.9650144105163849,2.7961482496643546,0.6417545053439867,0.4375272023269,1.6977916621666467,-1.1554157130642566,0.5412812218927553,1.3323369565107532,-0.5664018527876574,-1.4486057101994283,0.09944870811771583,-0.752083874963502,0.8368802139215754,-1.2513999330094854,0.8327393476651411,-0.9528642699259744
9.980657194389092,2.3306824599063476,2.4492139668985535,1.7060963490051064,3.1360548533668373,2.0504113141853995,1.0306416770663747,0.957410941627419,2.1124691885124727,1.2543394397041188,1.0575681342011567,-0.7928693537766819,1.496703951821698,0.9048576080982765,0.5029319937540455,-0.16159269663893444,0.8843207131231633,-1.2959887032650423,-0.22250094918468463,-1.6706016343840475,0.00610218697153317,-1.5606951372737554,-3.277713391492923,-0.7873185382692902,-0.26605161162456425,0.6224998784714418,0.8216591059474676,-0.14389952865711858,0.1941500201669298,-0.5900277905316283,-0.013221796886597728,0.45270556555399566,0.5218038669769085,0.5786996574518819,1.308153155302985,-0.6940227052059972,1.357978448753943,0.02358168714782072,-0.2666847860656971,-0.5011286336219891,0.8612571861936708
-5.174951822618976,-0.0061782284698811045,0.1155569607434627,-0.2085659822260542,0.20378223952594327,0.334839264009771,0.6587904350106919,0.1940516012169045,0.38744911212404426,-0.9847152484482783,-0.0725404073345827,1.0220779546399654,0.0843233348091958,-0.41736932076325367,-0.31334324962618937,0.2160889088676164,0.5570697869847528,0.1617532367608599,0.3472426635264394,-0.731638621452417,-0.37957133126327347,0.3774311640551283,0.8100164189879225,0.6346356889720187,-0.3036528850100751,0.6723034338506231,1.4652553733474503,1.1403830224591154,1.0475484825661956,1.4542938305012352,-0.2098445216659669,0.12454207183918828,0.06246504475651036,0.6753977087514278,0.5374805112672429,0.9097892931710754,1.2870424803827938,0.4770428478880494,1.785290372687653,2.881041884743136,0.09747155817502896
-5.473245368462363,0.029755070820937212,0.5102624722550126,0.3760071430993316,0.10944844647557725,-0.42398503410292265,0.30117589020067437,0.47394553579623644,-0.8250353751889337,3.573202412870944,2.1305839724429276,2.6459028706101217,0.7307415099634268,0.19338209497536385,0.7156557662337834,2.9028528451320175,1.3572551080425026,1.7745270099929882,0.6290576454302749,0.8660654896370367,1.2208374696031528,2.1182854527876325,1.6940514589885516,1.32687315588596,1.6513877948452604,-0.0464696175752795,1.6396829612866113,0.05963087564836304,0.3531664605732537,1.0645949736669749,0.5514999524307428,1.1306982333783553,0.746112211629555,0.9091453653824714,-0.05619924833602404,1.327726616950521,1.592398868408098,0.8946970863229371,-0.008792844403099229,0.714671209999646,0.49158352581186743
1.63143098991592,-0.26060564246973994,0.6413437162354739,0.38700852659144724,0.20842489264123393,0.4310346532861955,0.34631790180324046,0.7335542098614581,-0.18688195877349303,-1.5317115123466376,-1.1142889576085515,-1.063976223743832,0.14094161681738712,-0.48018908042604824,0.3539760222265173,-1.6214887624386347,-1.3360404483139752,-0.5898075544497768,-0.08867959183453185,-0.20229066247193583,-0.9828666148487009,-0.6916643783574299,-1.2098316046814994,-0.3277406781536568,-1.0650914574767065,0.38904801589007276,0.4409682443164367,1.4461060840438582,1.6620203559630093,0.2889127683212077,0.2989564052988266,1.367115103698104,1.8744320499281064,-0.2067664028738748,-0.7367569185334574,-0.776805538099221,0.04650443026312804,0.328087061087603,1.3495578066968512,0.1864243987068274,1.4260485195487924
-8.059625513991573,0.6747343876066829,0.5078929715311772,0.5288892121196048,0.49047570880998953,0.7366564580046868,0.4649083192354824,-0.018071522554742373,1.5603948983782658,-1.9344410775606735,0.1076489237914131,0.5003438280276735,-0.6668360713781405,-1.0814133084372988,-1.7757937538989688,-1.5585501421338321,0.8464076106000515,0.3902565628466286,0.6341695214453272,-0.2362199188639411,0.5432298094349859,0.7856624510396087,1.434953019019188,0.6055247478048803,0.260436706933462,1.5091292269430017,1.6887058593774897,1.1863275451584596,0.7238364965246072,0.21596092825619168,1.5343998105366492,1.2573327654152069,0.8749074426395554,0.3177722848288216,0.24815543428303133,1.6993907517427034,-0.1491044662736156,-0.7213506499857142,0.6908652892999763,1.543776406102713,-0.28386244782062287
4.749486461975366,-1.1044631590384135,-0.9896834863445219,-0.2607868624700394,-0.11452966986296971,0.43827201220684847,-0.8674616386452729,-0.9258962768594077,-1.5058663191876571,-0.831042544329149,-0.4082692710685848,0.1732718848890567,-0.5530064185124154,-0.47352740204982735,0.8926658418390426,-1.429442593120959,0.35776109367176956,0.3212656793723204,-0.49857175291494016,-0.8001177666506931,-0.3869175763441793,-0.5801002714569016,-1.7259645737653548,1.096283552477808,-0.681329378119297,0.799252305046397,-1.6548193803287974,0.2687525482788424,0.5008132107506773,0.29535906469013495,-0.5943034301169794,0.27825858150204313,-0.05378955872441581,-0.8780200253746943,-0.3832706331531951,-2.719927210842205,-0.09044700982656004,-1.2258208233050554,-0.9127440273068896,-0.9767325921504407,-0.5429930874432244
-3.2981040481464956,0.6688882565158563,-1.0375160676011677,-0.024195679611612304,-0.28753475464694034,0.3452041406096446,0.11190221584883432,0.20833334051451866,0.8760196962745831,-0.6752019231287066,-0.43632403654467644,0.8640907590053607,-0.476868843186211,0.16067861738672992,0.12486162159383382,-0.8883085286116209,-0.23447554788548647,-1.0669727212352842,-0.6501549223321446,0.2923882279744948,-0.7277613917741391,-0.4418731668985467,-0.07583919343409519,-0.5164824663885375,-0.6704371065345648,-0.3382164180164375,1.5876195941102025,0.4917120318936003,-0.9728069173506204,-0.22511790924525069,0.7286200185306883,0.9131497202396479,0.617035245628462,-0.6157189142193595,0.5088283734070309,0.48111875373502627,1.8444196722149524,-0.2788772748269044,-0.10953856728853448,0.580475178005307,0.03295966485531246
-6.97521856246974,0.6131252690638493,0.4496706311776863,0.33627706506098964,0.53517976078137,0.06206448269397383,0.35832108815474806,0.16178225403309643,0.9359564558067673,0.2867450114398203,0.7900315541421329,0.1907135148630764,0.4626741115849348,1.1075238536373526,-0.08872113419276696,-1.697041445003461,0.3266181785023065,0.9354562202690946,0.4201941715198533,1.6134934807399373,0.3831745631385835,-0.7341877157245491,-0.5551207672013047,0.6970592215744015,0.4394303968286043,-1.8078390571158829,-1.3686182693226268,-2.3179725330751952,-2.257021159662301,-2.2515654492303105,-3.0674710534821967,-0.8693167751550658,-1.0549431137454504,-0.4847913568083671,0.7629232557529811,0.2516055134944753,1.1748274299618893,-0.5816910394294826,-0.9573202893024502,1.1388855237172135,0.913564476296279
-3.736101189392147,0.19591330899845277,0.9404585769722579,-0.5468882886074757,-0.567117999516875,0.46030296677997073,-0.20600350100901915,0.20742265048163555,-0.2805470581249917,0.5910819434704886,0.029245906852542084,-0.47946612683767253,0.927084535675988,0.7279215721435636,-0.1281796311061717,0.2288879552810761,0.2901683700026767,0.36936910489136254,-0.100327306886618,0.48821562302981364,-0.11316362014005114,0.8900657590006164,1.316493847244373,1.06054913991958,0.8410685228908423,0.22579859409844927,-0.7320547948595868,1.1310525924016313,0.2620992894581696,0.6107346054475841,0.6059910401493173,0.8822721026891355,0.8381309921327725,0.7175993528966074,-1.032148498067434,-1.8464288229849657,-2.116653383460565,-1.4442160236953667,-0.09164181396909794,-1.2419747263754324,-0.4077518471730203
-8.691248918853839,1.2203312377929945,0.23353067118212917,0.5307700564096658,0.08625323125017842,-0.22811932857373088,0.6538763931783275,0.25578296141304413,0.25197268007707235,-0.5014435993289539,0.8368791428746531,2.004518049066535,1.553716507891531,1.2698535228028753,-0.9273488449648554,1.033822613126718,0.5533356639977567,0.9377104577124996,1.1794898745210605,1.0817456064260087,0.2365576618437481,0.9736556995279635,0.8232927586745181,1.4980748666732997,0.21203228446718586,-0.12315609429353021,1.3823490338455613,0.8520774956784632,-0.29695246190606733,1.4801301511587512,1.3028901382387714,-0.24816355906920556,0.46849910697440394,-0.7199905838620236,-0.7042026832794821,-1.091482938822557,-0.7565268621561062,-0.6680241843175665,-0.7756467383933544,0.5012806134025624,-1.1569132602051249
-2.442772008753568,-0.8977695824763761,-2.4051528764069663,-1.6496846767452964,-2.1954596969509206,-2.010472104507228,-0.5493325628081603,-1.7386935593995463,-0.6802947521843433,0.14737590700959535,0.362453710044417,1.535460573343297,-0.10406617236239127,1.981752366934112,-0.2457506095599921,0.23263881629051877,1.814319383663242,0.6111001769497686,-0.15302290213424605,0.23163334659419493,0.22981284346223818,0.41783754987526717,-1.1088972754676911,-0.8590225961437575,0.09279016843010751,-0.4276374982305385,-0.4417719331703036,-0.6238030214844861,-0.6456651540747721,-1.3126030830655022,-0.7666307099400558,-0.4064214870512323,-0.8937870904951764,-0.42586260645018126,-1.0991320736291417,0.9595363639706553,0.28599717492618626,-0.3762271760366061,-1.1005021179310877,0.11084743872293165,-0.6880877884164116
-1.9275011775079673,-1.0357995272527565,-1.8627183547106072,-1.4626372398462082,-1.6318397926889463,-2.720710153718168,-1.2823142581204972,-1.0293042047213803,-2.685905697604979,0.88064194928222,-0.34464577306702654,0.44139191555812224,-0.3034276132625534,-0.4398207800703289,1.371325239867728,0.786652960447512,0.08408445748837795,0.9677674950154254,0.7858700479250239,0.4012603742042292,1.4807017948794745,0.34557373705642375,1.1859215486547006,1.157820043845127,0.2564290813717972,-2.264346810513529,-0.24271698447936124,-0.37905519063912324,0.32744403251937015,1.0177814779372008,-0.7540572393812047,-0.7991386106214788,-0.6371033225235012,0.7522627510175814,0.04787810255458888,0.7966051211695079,1.6230263090660095,0.9183937965808394,0.44174640936172377,0.07746750495072867,0.009657270169250207
-5.728503828186781,0.642606452568495,0.1573781817208457,0.9532184943962039,0.24073869105336382,0.8423866929553736,0.13463340679857613,-0.054238408603967656,0.762138938680373,-1.2040507555691202,0.5581705830488322,0.11648806192708269,-0.7603030135930434,-0.04025267735851234,-0.3726391891695018,1.3320548334832205,-0.45201886405179986,0.2739178183019376,0.21630748718464354,0.25170582972129485,0.5575585761609775,0.060081421703225044,0.5635634060258381,0.27482683615824993,-0.22924508485870843,-0.879923979420027,-0.5887890260967851,-1.3041010363250274,-1.5929591239411172,-1.469464472759445,-0.8780204529667244,-1.1889956789211975,-1.5078643121323725,0.06323581421784331,0.6557043264627141,0.7995319550898018,0.813054465914585,0.3190647746224925,1.068881266817962,1.149130864700026,-0.10143060031214575
-0.22056238267049189,0.6092701666909569,0.9810015593972784,1.0660255517218333,1.0811826015042723,0.25132337884521744,1.1844438274668587,0.5278666797793431,0.6048485683331444,-0.21385547601344995,0.047400636779254955,0.13822007960266766,0.36445486238438346,0.2792329027684185,1.022777819927049,0.5681362038674755,0.10042386646464081,-1.7300738658583006,-1.159348863030264,-1.5683827960797871,-1.3734731322446732,-0.6947821052850847,0.1434908606314965,-0.6785695796081899,-0.8181986232279524,0.3669488920691116,-0.7385865429328156,-0.27018189245504287,-0.2558897985408076,0.13492730091040606,0.8035550209349831,1.3684541011450486,-0.2578821757653446,-0.013514708393178353,0.43538043496267814,0.5715335377837109,0.4664257337291247,-0.5047899996573426,1.536822700229175,-0.47624550339037564,0.4114089215064972
-2.334173687325307,-0.032685721062840456,0.40117177246425073,-0.5200912498305712,-0.29914596685629474,0.45006348509158,0.4176630838911496,-0.19280491441619357,-0.27141635758265953,-0.5258770592448428,0.09955474306993663,-0.6354623061729218,1.0083691897643488,0.1601465789771634,-0.31127168464261284,-0.6510555390110574,-1.922935567690598,0.20818725372085334,0.3310625180644577,0.11407942112043157,-1.1847019240879093,0.002053715799655077,1.3488324337912891,-0.12044819699058694,0.4698085506546614,-1.2678464713936448,0.1343961581792897,-0.5738088213298964,-1.202932548648509,-0.6909826696710825,0.5578426282730583,-0.1283313049303127,-0.6154445346482282,-0.6219258143142009,-0.19888295471242765,-1.0486512638197913,-0.38755643606443424,-1.5568283742626081,-0.38230650899830954,-0.6304092472715503,-2.419817980879748
0.37899857782861335,-0.5721795355320488,0.07994949989690597,-0.10561947210373898,-0.5935922836187527,0.6677733348069597,-0.9008779162310641,-0.45124772854903406,-0.6755362086264858,-0.6882549736491927,0.2256789002321407,1.9133183902199997,0.663106054256627,0.5665093078026187,0.8233459285756274,-0.05578921492922445,-0.4977932595153354,-0.15950361369443294,-0.6025463265441953,0.9906261152472978,-1.0701589491427543,-2.183345177273473,-0.5988465003981258,-0.6678395792503664,-1.1293033453518202,-0.08858955661995174,-0.013458858669755209,0.29542835723575633,0.4655787093968572,-0.47025533848740586,0.04074359457179978,0.18657135747401155,1.6760300218595034,-0.20929849111652948,-0.37126594246436356,-0.37533681099966254,-1.5617922232466241,-0.9062062832737152,-0.604636058665845,0.6379660520653173,1.1262061814587394
1.22726593405559,-1.9490111411232516,-0.40647479431866773,-0.862935837556468,-0.9521266805054831,-0.7424233040290589,0.19060302486654734,-0.6745980948195359,-0.6933667552914131,0.6941944486596353,-0.7431057545365288,0.7724911868245785,1.723672373432788,1.2778924020746822,0.1581721152833627,-1.2110123328248612,0.3554621352928025,-0.3719115810258954,-0.53909108619534,-0.6379102719916756,-0.4784477689922231,-0.7931769833991686,-0.605175168140225,0.6522352877842477,-0.19356450680430254,-0.0828014151842262,0.5798017981003801,-0.27399683647754924,0.3880750124625961,0.14603619065143156,-0.18166625598510927,-0.6557749248064956,-1.2121983502876266,1.4376949523282974,1.1950603771281734,0.08826786314548107,0.9161989072255508,1.5866567938795262,-0.23708569441730828,0.9808121898734332,0.30631163218551055
-11.083899930267618,-1.6158923800322569,-0.5731442088658031,-2.239272219345282,-2.0989060566151974,-1.885205459739117,-2.1852365362959993,-0.9029005708421829,-1.561117947224595,-0.3641734556185415,-0.6420569703086525,-0.5334122020072439,-1.1970646603070074,-0.8278780818690257,-1.86014451391323,-1.214248013873173,-1.7465365114244864,0.8267595325759514,-0.4995094611625229,1.4689660234558557,1.0990542989099399,1.1627162158961537,2.6828913637281557,1.96882106654807,0.5860084769443071,-0.8962502806594393,-1.9643684451912886,0.7703042945766063,-1.14655711879074,-0.4532591282843029,-0.6372686855007805,-1.627856472324142,1.1903296485805677,-1.2453128025886369,-1.0752246891642256,-1.071882591205195,-1.4999382552942546,-0.9249436244703582,-0.1114250660457738,-1.0426595371314948,-2.4543226484543736
