document_id,text
doc_0001,Bobby Bonilla supposedly use the word 'faggot' when he got mad at that author in the clubhouse. Should he be banned from baseball for a year like Schott?
doc_0002,"If a 'dog's prayers were answered, bones would rain from the sky. Did you know that the word 'Karabag' itself is a 'Turkish' name? Before 1827, before the Russians and their 'zavalli kole' Armenians, drove all the Turks/Muslims out, it was a Turkish majority town. Well, anyway, it is not surprising that Armenians also collaborated with the Nazis. ""Wholly opportunistic the Dashnaktzoutun have been variously pro-Nazi, pro-Russia, pro-Soviet Armenia, pro-Arab, pro-Jewish, as well as anti-Jewish, anti-Zionist, anti-Communist, and anti-Soviet - whichever was expedient.""[1] [1] John Roy Carlson (Arthur Derounian), 'Cairo to Damascus,' Alfred A. Knopf, New York, 1951, p. 438. As a dear friend put it, the Tzeghagrons (Armenian Racial Patriots) was the youth organization of the Dashnaktzoutun. It was based in Boston (where ASALA/SDPA/ARF Terrorism Triangle is located) but had followers in Armenian colonies all over the world. Literally Tzeghagron means 'to make a religion of one's race.' The architect of the Armenian Racial Patriots was Garegin Nezhdeh, a Nazi Armenian who became a key leader of collaboration with Hitler in World War II. In 1933, he had been invited to the United States by the Central Committee of the Dashnaktzoutun to inspire and organize the American-Armenian youth. Nezhdeh succeeded in unifying many local Armenian youth groups in the Tzeghagrons. Starting with 20 chapters in the initial year, the Tzeghagrons grew to 60 chapters and became the largest and most powerful Nazi Armenian organization. Nezhdeh also provided the Tzeghagrons with a philosophy: ""The Racial Religious beliefs in his racial blood as a deity. Race above everything and before everything. Race comes first.""[1] [1] Quoted in John Roy Carlson (real name Arthur Derounian), ""The Armenian Displaced Persons,"" in 'Armenian Affairs,' Winter, 1949-50, p. 19, footnote. Now wait, there is more. THE GRUESOME extent of February's killings of Azeris by Armenians in the town of Hojali is at last emerging in Azerbaijan - about 600 men, women and children dead in the worst outrage of the four-year war over Nagorny Karabakh. The figure is drawn from Azeri investigators, Hojali officials and casualty lists published in the Baku press. Diplomats and aid workers say the death toll is in line with their own estimates. The 25 February attack on Hojali by Armenian forces was one of the last moves in their four-year campaign to take full control of Nagorny Karabakh, the subject of a new round of negotiations in Rome on Monday. The bloodshed was something between a fighting retreat and a massacre, but investigators say that most of the dead were civilians. The awful number of people killed was first suppressed by the fearful former Communist government in Baku. Later it was blurred by Armenian denials and grief-stricken Azerbaijan's wild and contradictory allegations of up to 2,000 dead. The State Prosecuter, Aydin Rasulov, the cheif investigator of a 15-man team looking into what Azerbaijan calls the ""Hojali Disaster"", said his figure of 600 people dead was a minimum on preliminary findings. A similar estimate was given by Elman Memmedov, the mayor of Hojali. An even higher one was printed in the Baku newspaper Ordu in May - 479 dead people named and more than 200 bodies reported unidentified. This figure of nearly 700 dead is quoted as official by Leila Yunusova, the new spokeswoman of the Azeri Ministry of Defence. FranCois Zen Ruffinen, head of delegation of the International Red Cross in Baku, said the Muslim imam of the nearby city of Agdam had reported a figure of 580 bodies received at his mosque from Hojali, most of them civilians. ""We did not count the bodies. But the figure seems reasonable. It is no fantasy,"" Mr Zen Ruffinen said. ""We have some idea since we gave the body bags and products to wash the dead."" Mr Rasulov endeavours to give an unemotional estimate of the number of dead in the massacre. ""Don't get worked up. It will take several months to get a final figure,"" the 43-year-old lawyer said at his small office. Mr Rasulov knows about these things. It took him two years to reach a firm conclusion that 131 people were killed and 714 wounded when Soviet troops and tanks crushed a nationalist uprising in Baku in January 1990. Those nationalists, the Popular Front, finally came to power three weeks ago and are applying pressure to find out exactly what happened when Hojali, an Azeri town which lies about 70 miles from the border with Armenia, fell to the Armenians. Officially, 184 people have so far been certified as dead, being the number of people that could be medically examined by the republic's forensic department. ""This is just a small percentage of the dead,"" said Rafiq Youssifov, the republic's chief forensic scientist. ""They were the only bodies brought to us. Remember the chaos and the fact that we are Muslims and have to wash and bury our dead within 24 hours."" Of these 184 people, 51 were women, and 13 were children under 14 years old. Gunshots killed 151 people, shrapnel killed 20 and axes or blunt instruments killed 10. Exposure in the highland snows killed the last three. Thirty-three people showed signs of deliberate mutilation, including ears, noses, breasts or penises cut off and eyes gouged out, according to Professor Youssifov's report. Those 184 bodies examined were less than a third of those believed to have been killed, Mr Rasulov said. Files from Mr Rasulov's investigative commission are still disorganised - lists of 44 Azeri militiamen are dead here, six policemen there, and in handwriting of a mosque attendant, the names of 111 corpses brought to be washed in just one day. The most heartbreaking account from 850 witnesses interviewed so far comes from Towfiq Manafov, an Azeri investigator who took a helicopter flight over the escape route from Hojali on 27 February. ""There were too many bodies of dead and wounded on the ground to count properly: 470-500 in Hojali, 650-700 people by the stream and the road and 85-100 visible around Nakhchivanik village,"" Mr Manafov wrote in a statement countersigned by the helicopter pilot. ""People waved up to us for help. We saw three dead children and one two-year-old alive by one dead woman. The live one was pulling at her arm for the mother to get up. We tried to land but Armenians started a barrage against our helicopter and we had to return."" There has been no consolidation of the lists and figures in circulation because of the political upheavals of the last few months and the fact that nobody knows exactly who was in Hojali at the time - many inhabitants were displaced from other villages taken over by Armenian forces. THE INDEPENDENT, London, 12/6/'92 Serdar Argic"
doc_0003,"Where the hell do you get off calling it ""Arab land""? Jews have been living there for a long time. Jews didn't just start arriving in 1900, they've been living there for thousands of years, except for periods when they were expelled but they always returned home. Steve --"
doc_0004,"Hi Damon, No matter what system or explanation of creation you wish to accept, you always have to start with one of two premises, creation from nothing, or creation from something. There are no other alternatives. And if we accept one or the other of those two premises, then again there are two alternatives, either creation was random, or was according to some plan. If it was random, I am unable to accept that the complex nature of our world with interrelated interdependent organisms and creatures could exist as they do. Therefore I am left with creation under the control of an intelligence capable of devising such a scheme. I call that intelligence God. I also prefer the ""Creatio ex nihilo"" rather than from chaos, as it is cleaner. There is obviously no way to prove either or neither. We are and we must have come from somewhere. Choose whatever explanation you feel most comfortable with, Damon. You are the one who has to live with your choice. Shalom, Len Howard"
doc_0005,"Archive-name: space/addresses Last-modified: $Date: 93/04/01 14:38:55 $ CONTACTING NASA, ESA, AND OTHER SPACE AGENCIES/COMPANIES Many space activities center around large Government or International Bureaucracies. In the US that means NASA. If you have basic information requests: (e.g., general PR info, research grants, data, limited tours, and ESPECIALLY SUMMER EMPLOYMENT (typically resumes should be ready by Jan. 1), etc.), consider contacting the nearest NASA Center to answer your questions. EMail typically will not get you any where, computers are used by investigators, not PR people. The typical volume of mail per Center is a multiple of 10,000 letters a day. Seek the Public Information Office at one of the below, this is their job: NASA (The National Aeronautics and Space Administration) is the civilian space agency of of the United States Federal Government. It reports directly to the White House and is not a Cabinet post such as the military Department of Defense. Its 20K+ employees are civil servants and hence US citizens. Another 100K+ contractors also work for NASA. NASA CENTERS NASA Headquarters (NASA HQ) Washington DC 20546 (202)-358-1600 Ask them questions about policy, money, and things of political nature. Direct specific questions to the appropriate center. NASA Ames Research Center (ARC) Moffett Field, CA 94035 (415)-694-5091 Some aeronautical research, atmosphere reentry, Mars and Venus planetary atmospheres. ""Lead center"" for Helicopter research, V/STOL, etc. Runs Pioneer series of space probes. NASA Ames Research Center Dryden Flight Research Facility [DFRF] P. O. Box 273 Edwards, CA 93523 (805)-258-8381 Aircraft, mostly. Tested the shuttle orbiter landing characteristics. Developed X-1, D-558, X-3, X-4, X-5, XB-70, and of course, the X-15. NASA Goddard Space Flight Center (GSFC) Greenbelt, MD 20771 [Outside of Washington DC] (301)-344-6255 Earth orbiting unmanned satellites and sounding rockets. Developed LANDSAT. Jet Propulsion Laboratory (JPL) California Institute of Technology 4800 Oak Grove Dr. Pasadena, CA 91109 (818)-354-5011 The ""heavies"" in planetary research probes and other unmanned projects (they also had a lot to do with IRAS). They run Voyager, Magellan, Galileo, and will run Cassini, CRAF, etc. etc.. For images, probe navigation, and other info about unmanned exploration, this is the place to go. JPL is run under contract for NASA by the nearby California Institute of Technology, unlike the NASA centers above. This distinction is subtle but critical. JPL has different requirements for unsolicited research proposals and summer hires. For instance in the latter, an SF 171 is useless. Employees are Caltech employees, contractors, and for the most part have similar responsibilities. They offer an alternative to funding after other NASA Centers. A fact sheet and description of JPL is available by anonymous FTP in ames.arc.nasa.gov:pub/SPACE/FAQ/JPLDescription NASA Johnson Manned Space Center (JSC) Houston, TX 77058 (713)-483-5111 JSC manages Space Shuttle, ground control of manned missions. Astronaut training. Manned mission simulators. NASA Kennedy Space Flight Center (KSC) Titusville, FL 32899 (407)-867-2468 Space launch center. You know this one. NASA Langley Research Center (LaRC) Hampton, VA 23665 [Near Newport News, VA] (804)-865-2935 Original NASA site. Specializes in theoretical and experimental flight dynamics. Viking. Long Duration Exposure Facility. NASA Lewis Research Center (LeRC) 21000 Brookpark Rd. Cleveland, OH 44135 (216)-433-4000 Aircraft/Rocket propulsion. Space power generation. Materials research. NASA Marshall Space Flight Center (MSFC) Huntsville, AL 35812 (205)-453-0034 Development, production, delivery of Solid Rocket Boosters, External Tank, Orbiter main engines. Propulsion and launchers. Michoud Assembly Facility Orleans Parish New Orleans, LA 70129 (504)-255-2601 Shuttle external tanks are produced here; formerly Michoud produced first stages for the Saturn V. Stennis Space Center Bay St. Louis, Mississippi 39529 (601)-688-3341 Space Shuttle main engines are tested here, as were Saturn V first and second stages. The center also does remote-sensing and technology-transfer research. Wallops Flight Center Wallops Island, VA 23337 (804)824-3411 Aeronautical research, sounding rockets, Scout launcher. Manager, Technology Utilization Office NASA Scientific and Technical Information Facility Post Office Box 8757 Baltimore, Maryland 21240 Specific requests for software must go thru COSMIC at the Univ. of Georgia, NASA's contracted software redistribution service. You can reach them at cosmic@uga.bitnet. NOTE: Foreign nationals requesting information must go through their Embassies in Washington DC. These are facilities of the US Government and are regarded with some degree of economic sensitivity. Centers cannot directly return information without high Center approval. Allow at least 1 month for clearance. This includes COSMIC. The US Air Force Space Command can be contacted thru the Pentagon along with other Department of Defense offices. They have unacknowledged offices in Los Angeles, Sunnyvale, Colorado Springs, and other locations. They have a budget which rivals NASA in size. ARIANESPACE HEADQUARTERS Boulevard de l'Europe B.P. 177 91006 Evry Cedex France ARIANESPACE, INC. 1747 Pennsylvania Avenue, NW Suite 875 Washington, DC 20006 (202)-728-9075 EUROPEAN SPACE AGENCY (ESA) 955 L'Enfant Plaza S.W. Washington, D.C. 20024 (202)-488-4158 NATIONAL SPACE DEVELOPMENT AGENCY (NASDA) 4-1 Hamamatsu-Cho, 2 Chome Minato-Ku, Tokyo 105, JAPAN SOYUZKARTA 45 Vologradsij Pr. Moscow 109125 USSR SPACE CAMP Alabama Space and Rocket Center U.S. SPACE CAMP 1 Tranquility Base 6225 Vectorspace Blvd Huntsville, AL 35805 Titusville FL 32780 (205)-837-3400 (407)267-3184 Registration and mailing list are handled through Huntsville -- both camps are described in the same brochure. Programs offered at Space Camp are: Space Camp - one week, youngsters completing grades 4-6 Space Academy I - one week, grades 7-9 Aviation Challenge - one week high school program, grades 9-11 Space Academy II - 8 days, college accredited, grades 10-12 Adult Program - 3 days (editorial comment: it's great!) Teachers Program - 5 days SPACE COMMERCE CORPORATION (U.S. agent for Soviet launch services) 504 Pluto Drive 69th flr, Texas Commerce Tower Colorado Springs, CO 80906 Houston, TX 77002 (719)-578-5490 (713)-227-9000 SPACEHAB 600 Maryland Avenue, SW Suite 201 West Washington, DC 20004 (202)-488-3483 SPOT IMAGE CORPORATION 1857 Preston White Drive, Reston, VA 22091 (FAX) (703)-648-1813 (703)-620-2200 OTHER COMMERCIAL SPACE BUSINESSES Vincent Cate maintains a list with addresses and some info for a variety of companies in space-related businesses. This is mailed out on the space-investors list he runs (see the ""Network Resources"" FAQ) and is also available by anonymous ftp from furmint.nectar.cs.cmu.edu (128.2.209.111) in /usr/vac/ftp/space-companies."
doc_0006,"How big of a lightning rod, would you need for protection? and would you need jupiter as a ground plane."
doc_0007,"[Long silly discussion deleted...] This suggestion isn't as far-fetched as it sounds. Years ago in another time and place, I used to do oil changes in boats powered by automotive engines. In many cases, there was no way to get any sort of a tray under the oil pan because it was boxed in by the bottom of the hull and various floation chambers on each side. And if you *did* get something there, you'd spill all the oil out of it for sure trying to get it back out again. So we used a small pump powered by an electric drill to suck the oil out the dipstick hole. There was a long/thin hose on the inlet side designed to fit down the dipstick tube, and another, thicker/shorter hose on the outlet side that you put into any convenient container. I'm sure these gadgets are still available from marine hardware suppliers if you want one."
doc_0008,"Yea, I think not also. Israel's #1 issue is ""Security"" so *any* outcomes of ""negotiation"" certainly need to address ISREAL'S perception of this issue. The problem is is defining (by ""outsiders"", by Israel, and by the Arabs themselves) what is the #1 issue to the Arab side. Is it ""Palestinian statehood"", is it that Israel as a state should not and must not be allowed to exist, is it that the existence of a self-governing non- muslim ""state"" in the ""Islamic World"" is intolerable...what? Just as the dividing line between Israel-fighting-for-security and Israel-fighting- to-expand is often hard to discern by ""outsiders"" (especially to the Arab world), so the rationale behind the Arab-struggle-to-undermine-Israel-in- any-way could either be based on visceral rejectionism or a sense of being wronged that still values peace, who knows which. Anyway, in these talks, what ""gestures"" would you think would be seen by Israel as ""substantial""?"
doc_0009,"I've been to three talks in the last month which might be of interest. I've transcribed some of my notes below. Since my note taking ability is by no means infallible, please assume that all factual errors are mine. Permission is granted to copy this without restriction. Note for newbies: The Delta Clipper project is geared towards producing a single staget to orbit, reusable launch vehicle. The DC-X vehicle is a 1/3 scale vehicle designed to test some of the concepts invovled in SSTO. It is currently undergoing tests. The DC-Y vehicle would be a full scale experimental vehicle capable of reaching orbit. It has not yet been funded. On April 6th, Rocky Nelson of MacDonnell Douglas gave a talk entitled ""Optimizing Techniques for Advanced Space Missions"" here at the University of Illinois. Mr Nelson's job involves using software to simulate trajectories and determine the optimal trajectory within given requirements. Although he is not directly involved with the Delta Clipper project, he has spent time with them recently, using his software for their applications. He thus used the DC-Y project for most of his examples. While I don't think the details of implicit trajectory simulation are of much interest to the readers (I hope they aren't - I fell asleep during that part), I think that many of you will be interested in some of the details gleaned from the examples. The first example given was the maximization of payload for a polar orbit. The main restriction is that acceleration must remain below 3 Gs. I assume that this is driven by passenger constraints rather than hardware constraints, but I did not verify that. The Delta Clipper Y version has 8 engines - 4 boosters and 4 sustainers. The boosters, which have a lower isp, are shut down in mid-flight. Thus, one critical question is when to shut them down. Mr Nelson showed the following plot of acceleration vs time: ______ 3 G /| / | / | / | As ASCII graphs go, this is actually fairly / | / | good. The big difference is that the lines 2 G / |/ | made by the / should be curves which are / | concave up. The data is only approximate, as / | the graph wasn't up for very long. 1 G / | | | 0 G | ^ ^ ~100 sec ~400 sec As mentioned before, a critical constraint is that G levels must be kept below 3. Initially, all eight engines are started. As the vehicle burns fuel the accelleration increases. As it gets close to 3G, the booster engines are throtled back. However, they quickly become inefficient at low power, so it soon makes more sense to cut them off altogether. This causes the dip in accelleration at about 100 seconds. Eventually the remaining sustainer engines bring the G level back up to about 3 and then hold it there until they cut out entirely. The engine cutoff does not acutally occur in orbit. The trajectory is aimed for an altitude slightly higher than the 100nm desired and the last vestiges of air drag slow the vehicle slightly, thus lowering the final altitude to that desired. Questions from the audience: (paraphrased) Q: Would it make sense to shut down the booster engines in pairs, rather than all at once? A: Very perceptive. Worth considering. They have not yet done the simulation. Shutting down all four was part of the problem as given. Q: So what was the final payload for this trajectory? A: Can't tell us. ""Read Aviation Leak."" He also apparently had a good propulsion example, but was told not to use it. My question: Does anyone know if this security is due to SDIO protecting national security or MD protecting their own interests? The second example was reentry simulation, from orbit to just before the pitch up maneuver. The biggest constraint in this one is aerodynamic heating, and the parameter they were trying to maximize was crossrange. He showed graphs of heating using two different models, to show that both were very similar, and I think we were supposed to assume that this meant they were very accurate. The end result was that for a polar orbit landing at KSC, the DC-Y would have about 30 degrees of crossrange and would start it's reentry profile about 60 degrees south latitude. I would have asked about the landing maneuvers, but he didn't know about that aspect of the flight profile."
doc_0010,"Would it be asking too much for you to DOCUMENT these allegations of ""Israel used to arrest and kill neutral reporters""? I think you confuse Israel with other nations of that geographical region to which the notion of a free, unmonitored by the government, press corps would be a joke."
doc_0011,"This is turning into 'what's a moonbase good for', and I ought not to post when I've a hundred some odd posts to go, but I would think that the real reason to have a moon base is economic. Since someone with space industry will presumeably have a much larger GNP than they would _without_ space industry, eventually, they will simply be able to afford more stuff."
doc_0012,"Ah, those poor genocide apologists. Such quaintly charming habits of the Armenian barbarism and fascism. No swinging of lies will be enough to cover up the crimes of the x-Soviet Armenian Government. Not a chance. Now let the Kurdish scholars speak for themselves. Source: Hassan Arfa, ""The Kurds,"" (London, 1968), pp. 25-26. ""When the Russian armies invaded Turkey after the Sarikamish disaster of 1914, their columns were preceded by battalions of irregular Armenian volunteers, both from the Caucasus and from Turkey. One of these was commanded by a certain Andranik, a blood-thirsty adventurer. These Armenian volunteers committed all kinds of excesses, more than six hundred thousand Kurds being killed between 1915 and 1916 in the eastern vilayets of Turkey."" Sources: (The Ottoman State, the Ministry of War), ""Islam Ahalinin Ducar Olduklari Mezalim Hakkinda Vesaike Mustenid Malumat,"" (Istanbul, 1918). The French version: ""Documents Relatifs aux Atrocites Commises par les Armeniens sur la Population Musulmane,"" (Istanbul, 1919). In the Latin script: H. K. Turkozu, ed., ""Osmanli ve Sovyet Belgeleriyle Ermeni Mezalimi,"" (Ankara, 1982). In addition: Z. Basar, ed., ""Ermenilerden Gorduklerimiz,"" (Ankara, 1974) and, edited by the same author, ""Ermeniler Hakkinda Makaleler - Derlemeler,"" (Ankara, 1978). ""Askeri Tarih Belgeleri ...,"" Vol. 32, 83 (December 1983), document numbered 1881. ""Askeri Tarih Belgeleri ....,"" Vol. 31, 81 (December 1982), document numbered 1869. ""Those who were capable of fighting were taken away at the very beginning with the excuse of forced labor in road construction, they were taken in the direction of Sarikamis and annihilated. When the Russian army withdrew, a part of the remaining people was destroyed in Armenian massacres and cruelties: they were thrown into wells, they were locked in houses and burned down, they were killed with bayonets and swords, in places selected as butchering spots, their bellies were torn open, their lungs were pulled out, and girls and women were hanged by their hair after being subjected to every conceivable abominable act. A very small part of the people who were spared these abominations far worse than the cruelty of the inquisition resembled living dead and were suffering from temporary insanity because of the dire poverty they had lived in and because of the frightful experiences they had been subjected to. Including women and children, such persons discovered so far do not exceed one thousand five hundred in Erzincan and thirty thousand in Erzurum. All the fields in Erzincan and Erzurum are untilled, everything that the people had has been taken away from them, and we found them in a destitute situation. At the present time, the people are subsisting on some food they obtained, impelled by starvation, from Russian storages left behind after their occupation of this area."" Source: ""Adventures in the Near East"" by A. Rawlinson, Jonathan Cape, 30 Bedford Square, London, 1934 (First published 1923) (287 pages). (Memoirs of a British officer who witnessed the Armenian genocide of 2.5 million Muslim people) p. 184 (second paragraph) ""I had received further very definite information of horrors that had been committed by the Armenian soldiery in Kars Plain, and as I had been able to judge of their want of discipline by their treatment of my own detached parties, I had wired to Tiflis from Zivin that 'in the interests of humanity the Armenians should not be left in independent command of the Moslem population, as, their troops being without discipline and not under effective control, atrocities were constantly being committed, for which we should with justice eventually be held to be morally responsible'."" p. 177 (third paragraph) ""Armenian troops, who, having pillaged and destroyed all the Moslem villages in the plain...."" ""Caravans of refugees were in the meanwhile constantly arriving from the plain, from which the whole Moslem population was fleeing with as much of their personal property as they could transport, seeking to obtain security and protection..."" p. 178 (first paragraph) ""In those Moslem villages in the plain below which had been searched for arms by the Armenians everything had been taken under the cloak of such search, and not only had many Moslems been killed, but horrible tortures had been inflicted in the endeavour to obtain information as to where valuables had been hidden, of which the Armenians were aware of the existence, although they had been unable to find them."" p. 181 (first paragraph) ""the Armenians from the plain were attacking the Kurdish line with artillery, with probably a large force in support."" p. 175 (first paragraph) ""The arrival of this British brigade was followed by the announcement that Kars Province had been allotted by the Supreme Council of the Allies to the Armenians, and that announcement having been made, the British troops were then completely withdrawn, and Armenian occupation commenced. Hence all the trouble; for the Armenians at once commenced the wholesale robbery and persecution of the Muslem population on the pretext that it was necessary forcibly to deprive them of their arms. In the portion of the province which lies in the plains they were able to carry out their purpose, and the manner in which this was done will be referred to in due course."" Serdar Argic"
doc_0013,"Someone sent me this FAQ by E-mail and I post my response here. [I'm not enforcing the inclusion limits on this FAQ because most of our readers probably haven't seen it. --clh] Christ warns that anyone who ""breaks one of the least of these commandments *and* teaches otheres to do the same will be called least in the kingdom of heaven"" (Matt. 5:19. This FAQ is so full of error that I must respond to it. I hope that whoever maintains will remove from it the partisan theology. 1. The law was known to man before it was revealed on Mount Sinai. Rom 4:15 notes that ""where no law is, there is no transgression."" Not only did sin exist before Sinai (Eden), but the Sabbath was kept before it was revealed on Sinai (Ex 16). 2. The problem with the first covenant was not the law, but the promise which undergirded it. God wanted to perform his will in the lives of the people, but in their ignorance after 400 years of slavery, they promised ""what ever He says to do we will do."" That is why the new covenant is based on ""better promises"" (Heb. 8:6). Rather than do away with the law God promised to ""put my laws in their minds and write them on their hearts"" (Heb. 8:10). 3. Including the Sabbath in the Acts 15 is selective inclusion. The Sabbath was more important to the Jews than circumcision. If any attempt had been made to do away with the Sabbath the reaction would have been even more strident than is recorded in Acts 15. Do not confuse the weekly Sabbath of the Decalogue with the ceremonial sabbaths which could occur at any time of the week and were part of the law (ceremonial) which was *added* because of transgression (of the moral law) (Gal 3:19). 4. Israel stands for God's people of all time. That is why God *grafted* the Gentiles in. Roma 9:4 says that the adoption, the glory, the covenants, the giving of the law, the service of God and the promises belong to Israelites. In explanation Paul makes it clear that being born into Israel is not enough ""For they are not all Israel, which are of Israel"" v 6. Then in Gal 3:19 he says ""if ye be Christ's, then are ye Abraham's seed, and heirs according to the promise."" All Christians are Abraham's seed, Jews, Israelites. Not physically, for that is not the criterion, but spiritually. We are joint heirs with Jesus based on the promise God made to all his people the Israelites. People would probably agree but they are wrong. How can the Sabbath commandment be ceremonial when it is part of a law which predates the ceremonial laws? You are not free to choose your time of worship. Even if you were why do you follow a day of worship which has its origins in pagan sun worship. Would you rather give up a day which God blessed, sanctified, and hallowed in exchange for one which all church leaders agree has not biblical foundation (see Sabbath Admissions in soc.religion.christian.bible-study). I do not care what Calvin or any theologian says. My guide is what God says. If being not under the law means we do not have to keep the law, why is it that the only section of the law we have trouble with is the Sabbath commandment, which is the only one God thought was important enough to say *REMEMBER*? If you study the word deeply you will note that the message is that we are no longer under the condemnation of the law but freed by the grace of God. If a cop pulls me over for speeding, then in court I ask for mercy and the judge does not throw the book at me but gives me grace, do I walk out of the court saying ""I can now go on speeding, for I am now under grace?"" Being under grace I now drive within the speed limit. Paul adds to it in Rom. 3:31 ""Di we then make void the law through faith? God forbid: yea, we establish the law."" ""Wherefore the law is holy, and the commandment holy, and just, and good"" (Rom. 7:12). Do you prefer implication to fact? A careful study of the Acts 20 shows that the meeting was on Saturday night and that on Sunday morning Paul did not go to a worship service, but set off on a long journey by foot to Assos. In ICor 16 there is no way you can equate ""lay by him in store"" with ""go to a worship service."" Wrong. These are the sabbath days of the ceremonial law, not the Sabbath day of the moral law. Why would you prefer to twist and turn, relying on different arguments which conflict with each other, rather than obey a simple request from a God who loved you enough to die for you. Jesus died because the law could not be changed. Why bother to die in order to meet the demands of a broken law if all you need to do is change the law. Penalties for law breaking means the law is immutable. That is why it is no sin not to follow the demands of the ceremonial laws. It will always be a sin to make false gods, to violate God's name, to break the Sabbath, to steal, to kill, etc. Except it you disagree. But then your opinion has no weight when placed next to the word of God. Darius [It's not clear how much more needs to be said other than the FAQ. I think Paul's comments on esteeming one day over another (Rom 14) is probably all that needs to be said. I accept that Darius is doing what he does in honor of the Lord. I just wish he might equally accept that those who ""esteem all days alike"" are similarly doing their best to honor the Lord. However I'd like to be clear that I do not think there's unambiguous proof that regular Christian worship was on the first day. As I indicated, there are responses on both of the passages cited. The difficulty with both of these passages is that they are actually about something else. They both look like they are talking about nnregular Christian meetings, but neither explicitly says ""and they gathered every Sunday for worship"". We get various pieces of information, but nothing aimed at answering this question. Act 2:26 describes Christians as participating both in Jewish temple worship and in Christian communion services in homes. Obviously the temple worship is on the Sabbath. Acts 13:44 is an example of Christians participating in them. Unfortunately it doesn't tell us what day Christians met in their houses. Acts 20:7, despite Darius' confusion, is described by Acts as occuring on Sunday. (I see no reason to impose modern definitions of when days start, when the Biblical text is clear about what was meant.) The wording implies to me that this was a normal meeting. It doesn't say they gathered to see Paul off, but that when they were gathered for breaking bread, Paul talked about his upcoming travel. But that's just not explicit enough to be really convincing. Similarly with 1 Cor 16:2. It says that on the first day they should set aside money for Paul's collection. Now if you want to believe that they gathered specially to do this, or that they did it in their homes, I can't disprove it, but the obvious time for a congregation to take an offering would be when they normally gather for worship, and if they were expected to do it in their homes there would be no reason to mention a specific day. So I think the most obvious reading of this is that ""on the first day of every week"" simply means every time they gather for worship. I think the reason we have only implications and not clear statements is that the NT authors assumed that their readers knew when Christian worship was."
doc_0014,"> I realize I'm entering this discussion rather late, but I do >have one question. Wasn't it a Reagan appointee, James Watt, a >pentacostal christian (I think) who was the secretary of the interior >who saw no problem with deforestation since we were ""living in the >last days"" and ours would be the last generation to see the redwoods >anyway? I heard the same thing, but without confirmation that he actually said it. It was just as alarming to us as to you; the Bible says that nobody knows when the second coming will take place."
doc_0015,"It is the Croats that were divided, at least 70,000 were left in Serbian province of Vojvodina. It is the Muslims that were divided, 200,000 left in the region of Sanjak that now belongs to Serbia. If the Serbs in Croatia and Bosnia-Hercegovina want self-determination, the same right should be given to Croats and Muslims, and Albanians and Hungarians in Serbia. Why should Serbia be exempted?"
doc_0016,"I wrote that I thought that 2 Peter 1:20 meant, ""no prophecy of Scripture (or, as one reader suggests, no written prophecy) is merely the private opinion of the writer."" Tony Zamora replies (Sat 8 May 1993) that this in turn implies that it is not subject to the private interpretation of the reader either. I am not sure that I understand this. In one sense, no statement by another is subject to my private interpretation. If reliable historians tell me that the Athenians lost the Pelopennesian War, I cannot simply interpret this away because I wanted the Athenians to win. Facts are facts and do not go away because I want them to be otherwise. In another sense, every statement is subject to private interpretation, in that I have to depend on my brains and expereience to decide what it means, and whether it is sufficiently well attested to merit my assent. Even if the statement occurs in an inspired writing, I still have to decide, using my own best judgement, whether it is in fact inspired. This is not arrogance -- it is just an inescapable fact."
doc_0017,"writes a ""Who woulda thunk it"" article which is really the same piece every time. ""Who would have thought that [Buddy Biancalana] would have more home runs than [the Colorado Rockies, Babe Ruth, Omar Vizquel and Nolan Ryan] COMBINED!"" He's an idiot, if it's the same guy."
doc_0018,"Hi, baseball fans! So what do you say? Don't you think he deserves it? I mean, heck, if Dave Winfield (ho-hum) is seriously being considered for it, as is Lee Smith (ha), then why don't we give Dave Kingman a chance? Or Darrell Evans! Yeah, yeah! After the Hall of Fame takes in them, it can take in Eddie Murray and Jeff Reardon. Well, in any case, I am sick and tired (mostly sick) of everybody giving Hall of Fame consideration to players that are by today's standards, marginal. Honestly, Ozzie Smith and Robin Yount don't belong there. They're both shortstops that just hung around for a long time. Big deal. Let's be a little more selective, huh? Stop handing out these honors so liberally. Save them for the guys who really deserve it. Face it, if something isn't done, there will be little prestige in the Hall of Fame anymore. When certain individuals believe that Steve Garvey or Jack Morris are potential candidates, the absurdity is apparent. Gee, can these guys even compare to the more likely future Hall of Famers like Kirby Puckett or Nolan Ryan?"
doc_0019,"This was known as *Journey to the Far Side of the Sun* in the United States and as *Doppelganger* in the U.K. It was produced by the great team of Gerry and Sylvia Anderson (whose science was usually a bit better than this). It may have been their first production using live actors-- they were better known for their technophilic puppet shows, such as *Supercar*, *Stingray*, and *Thunderbirds*. Later, they went on to do more live-action SF series: *UFO* and *Space: 1999*. The astronomy was lousy, but the lifting-body spacecraft, VTOL airliners, and mighty Portugese launch complex were *wonderful* to look at."
doc_0020,"If a manual transmission is a ""must have"", then the M-B 300TE is not in the running. You cannot get a manual transmission in that car in North America. It seems that buyers here (or, maybe more accurately, the distributors) are not interested in manual trannies. The '93 300 line comes with a 217 hp engine. All earlier years are 177 hp. I have an '87 300E, with a ""mere"" 177 hp and auto tranny, and I find that it has sufficient power for any normal driving situation. More is always nice, but I can't complain. I test drove a Saab 900 CSE last fall. Here are my impressions: 1) Awesome power, especially over 3500rpm, when the turbo really comes on. 2) If you get on the power really hard in a tight corner, the front-wheel drive causes it to understeer heavily, and then viciously ""hook"" into the corner. Not a desirable handling trait, but common in powerful front drive cars. (The CSE is 200hp. Mercedes is rear-drive, so it does not have this problem.) 3) Huge interior and cargo space. 4) The most ""rubbery"" shifter I have ever encountered. I drove a 5spd. It was absolutely numb. You might be able to get used to it - I don't know. I also didn't like its location, which was too far down, and too far right. From the shifter's position, I got the impression that Saab really designed the car for an automatic. 5) It was rather noisy: Engine buzz, rattles, and creaks. (Mercedes does not exhibit these characteristics.) You should also check out the new BMW 525 ""touring"". This is a wagon version of the 525i. It fits into the class with the 300TE and Saabs."
doc_0021,"No. Do this. Have the DC-X1, make an unscheduled landing at teh 50 yard line during the halftime show of This years Superbowl. ABC will have more reporters there for that, then at any news event."
doc_0022,"ac = In <9304202017@zuma.UUCP> sera@zuma.UUCP (Serdar Argic) pl = linden@positive.Eng.Sun.COM (Peter van der Linden) pl: 1. So, did the Turks kill the Armenians? ac: So, did the Jews kill the Germans? ac: You even make Armenians laugh. ac: ""An appropriate analogy with the Jewish Holocaust might be the ac: systematic extermination of the entire Muslim population of ac: the independent republic of Armenia which consisted of at ac: least 30-40 percent of the population of that republic. The ac: memoirs of an Armenian army officer who participated in and ac: eye-witnessed these atrocities was published in the U.S. in ac: 1926 with the title 'Men Are Like That.' Other references abound."" Typical Mutlu. PvdL asks if X happened, the response is that Y happened. Even if we grant that the Armenians *did* do what Cosar accuses them of doing, this has no bearing on whether the Turks did what they are accused of. While I can understand how an AI could be this stupid, I can't understand how a human could be such a moron as to either let such an AI run amok or to compose such pointless messages himself. I do not expect any followup to this article from Argic to do anything to alleviate my puzzlement. But maybe I'll see a new line from his list of insults."
doc_0023,"How about the following scholarly source? Source: Pierre Oberling, ""The Road to Bellapais: The Turkish Cypriot Exodus to Northern Cyprus"", Social Science Monographs, Boulder, 1982, ISBN 88033-000-7. Well, I am forced to disagree with you. The Greeks started massacring the Turkish population on Cyprus in 1974. In 1974, Turkiye stepped into Cyprus to preserve the lives of the Turkish population there. This is nothing but a simple historical fact. Unfortunately, the intervention was too late at least for some of the victims. Mass graves containing numerous bodies of women and children already showed what fate had been planned for a peaceful minority. The people of Turkiye know quite well that Greece and the Greek Cypriots will never abandon the idea of hellenizing Cyprus and will remain eternally hopeful of uniting it with Greece, someday, whatever the cost to the parties involved. The history speaks for itself. Greece was the sole perpetrator of invasion on that island when it sent its troops on July 15, 1974 in an attempt to topple the legitimate government of Archibishop Makarios. The release of Nikos Sampson, a member of EOKA [National Organization of Cypriot Fighters] and a convicted terrorist, shows that the 'enosis' mentality continues to survive in Greece. One should not forget that Sampson dedicated his life to annihilating the Turks in Cyprus, committed murder to achieve this goal, and tried to destroy the island's independence by annexing it to Greece. Of course, the Greek governments will have to bear the consequences for this irresponsible conduct. Turkish Cypriots are simply seeking guarantees that will preclude a repeat performance by the fanatical cadres of the Greeks' EOKA. If such assurances are not perfectly implemented, there is every reason to expect that the local Greeks will be misguided enough to perpetrate their past mistakes. On such an occasion, the Turkish side may not find it satisfactory to act with reluctance to go any further than before, for it is unacceptable to remain always defensive against cyclical vicious attacks. Therefore it would be better to have a true federation of two separate sections living in obligatory peace, rather than another armed confrontation that would be started by the Greeks and obligatorily but decisively terminated by the Turks. The present Greek government is trying to tyrannize the Turkish population in western Thrace by forbidding it its ethnic and religious rights, which were established through international treaties. One might be better advised to remember that misadventures against Turkiye do not serve Greece well. An offer of membership in the European Common Market as bait for concessions that may doom the Turks in Cyprus to extinction is not a viable course for Greece or her friends. Neither Turkish lives nor Turkish honor has been placed on the bidding block to be sold for commercial gain. Serdar Argic"
doc_0024,"I don't have the faintest idea what literature it is to which you refer. Is this an explicit statement by some document? Or is it your interpretation of statements in such literature? Or is this a figment of your imagination or a Nazi Armenian propaganda movie script? In any case, a fascinating piece of analysis. Here are the facts: Source: Walker, Christopher: ""Armenia: The Survival of a Nation."" New York (St. Martin's Press), 1980. This generally pro-Armenian work contains the following information of direct relevance to the Nazi Holocaust: a) Dro (the butcher), the former dictator of x-Soviet Armenia and the architect of the genocide of 2.5 million Muslims, the most respected of Nazi Armenian leaders, established an Armenian Provisional Republic in Berlin during World War II; b) this 'provisional government' fully endorsed and espoused the social theories of the Nazis, declared themselves and all Armenians to be members of the Aryan 'Super-Race;' c) they published an Anti-Semitic, racist journal, thereby aligning themselves with the Nazis and their efforts to exterminate the Jews; and, d) they mobilized an Armenian Army of up to 30,000 members which fought side by side with the Wehrmacht. In fact, by 1942, Nazi Armenians in Europe had established a vast network of pro-German collaborators, that extended over two continents. Thousands of Armenians were serving the German army and Waffen-SS in Russia and Western Europe. Armenians were involved in espionage and fifth-column activities for Hitler in the Balkans and Arabian Peninsula. They were promised an 'independent' state under German 'protection' in an agreement signed by the 'Armenian National Council.' (A copy of this agreement can be found in the 'Congressional Record,' November 1, 1945; see Document 1.) On this side of the Atlantic, Nazi Armenians were aware of their brethrens alliance. They had often expressed pro-Nazi sentiments until America entered the war. In 1941, while the Jews were being assembled for their doom in the Nazi concentration camps, the Nazi Armenians in Germany formed the first Armenian battalion to fight alongside the Nazis. In 1943, this battalion had grown into eight battalions of 30,000-strong under the command of Dro (the butcher), who was the former dictator of x-Soviet Armenia and the architect of the cold-blooded genocide of 2.5 million Turks and Kurds between 1914-1920. An Armenian National Council was formed by the notorious Dashnak Party leaders in Berlin, which was recognized by the Nazis. Encouraged by this, the Armenians summarily formed a provisional government that endorsed and espoused fully the principles of the Nazis and declared themselves as the members of the Aryan super race and full participants to Hitler's policy of extermination of the Jews. This Armenian-Nazi conspiracy against the Jews during WWII was an ""encore"" performance staged by the Armenians during WWI, when they back-stabbed and exterminated 2.5 million Muslims by colluding with the invading Russian army. Serdar Argic"
doc_0025,"I know nothing about statistics, but what significance does the relatively small population growth rate have where the sampling period is so small (at the end of 1371)? Is it adequete to suggest a trend or is it just noise?"
doc_0026,"I am forced to disagree with you. First of all, one may have been born from a non-Turkish, non-Muslim parent outside the Turkish land, yet still can be a Turk, provided this person calls himself or herself a Turk. Because the designation of a Turk is not a genetic feature, not a racial or religious feature. It is a matter of identifying with the Turkish values. Secondly, the following observations by Westerners were written in French by Ahmet Cevat: ""If Turks had behaved like Christians to use force to convert to Islam the nations which they brought under their power, to which no one could have opposed, today there would be no Eastern problem. But Turks did not do so. They obeyed the word of the Koran to permit everybody ""to worship in their own way"" centuries before Frederick the Great pronounced his famous dictum. Thus, in an age when the Christian Europe itself shed Christian blood and when people in Europe enjoyed inflicting inhuman tortures upon those whose beliefs differed from theirs, the Ottoman Empire became the sole country where the inquisition did not exist, where deaths at the stake were unheard of and where accusations of witchcraft were not made. And the barbarian (!) Turkey was the only country where the Jews persecuted and chased away everywhere by the Christians, could find asylum. These facts demonstrate that Muslim countries provided spiritually far better living conditions than Christian countries.""[1] ""The Turks, who are a conquering nation, did not Turkify the nations that came under their rule; instead, they respected their religions and traditions. It was a stroke of luck for Romania to live under Turkish rule instead of Russian or Austrian rule. Because otherwise there would not have been a Romanian nation today"" (Popescu Ciocanel). ""Turks rule over people under their administration only externally, without interfering with their internal structures. On account of this, the autonomy of minorities in Turkey is better and more complete than any in the most advanced European countries.""[2] ""...human beings hate each other on account of religious differences. This flaw is older than Islam and Christianity. But there has never been any examples of this adjuration in Turkey because Turks never oppress anybody on account of his religion. If enmity on the basis of religion had been such a case of simple contempt among us too, or if it did not keep translating itself into action, many nations in our Europe would probably have considered themselves happy!"" (A. de Mortraye).[3] ""Turkey never became a scene for religious terror or for the cruelty of the inquisition. On the contrary, it served as an asylum for the unfortunate victims of Christian fanaticism. If you look into history, you will see that in the fifteenth century thousands of Jews who were expelled from Spain and Portugal found such a good asylum in Turkey that their descendants have been living there very calmly all through these approximately three hundred years, and are only forced to defend themselves in some countries against the cruelty of Christians, especially that of the Orthodoxes. No Jew is able to appear in public during Easter celebrations in Athens, even today. In Turkey, however, if the Israelites are insulted by the Greek and Armenian communities, local courts immediately take them under their protection."" ""In that vast and calm country of the sultan, all religions and nations are living together peacefully. Although the mosque is superior to the church and the synagogue, it does not replace them. Because of this, the Catholic sect is more free in Istanbul and Smyrna compared with Paris and Lyon. In addition to the fact that no law in Turkey prohibits the open-air ceremonies of this sect, neither does any law imprison its cross in the church. While the dead are being taken to the graves, a long line of priests bear processional candles and chant Catholic hymns. When all the priests in all the churches in the Galata and Beyoglu districts go into the streets and form clerical processions during the Eucharist celebrations, chanting hymns and bearing their crosses and religious banners, a detachment of soldiers escorts them which forces even the Turks to stand in respect around the group of priests."" (A. Ubicini).[4] [1] Ah. Djevat, ""Yabancilara Gore Eski Turkler,"" 3rd ed. (Istanbul, 1978), pp. 70-71. [2] Ibid., p.91. [3] Ibid., pp. 214-215. [4] Ibid., pp. 215-216. Serdar Argic"
doc_0027,"This is not quite right. The differential arrival time techinique requires interplanetary baselines to get good positions. The differential arrival at the eight detectors differ by 10's of nanoseconds. This is smaller than BATSE's microsecond timing capabilities. BATSE, Ulysses, and Mars Obsverver are used for this technique. Each BATSE detector does not have a full sky field of view. The sensitivity of each detector decreases with increasing angle of incidence. The burst position on the sky is determined by comparing the count rates in different detectors."
doc_0028,"From: db7n+@andrew.cmu.edu (D. Andrew Byler) 1] An english translation of this can be found in: ""The Acts of the Apostles, translated from the Codex Bezae, with an introduction on its Lucan Origin and Importance"", J. M. Wilson (London, 1923). 2] Another work that might be useful is: ""The Acts of the Apostles, a Critical Edition with Introduction and Notes on Selected Passages"", Albert C. Clark (Oxford, 1933; reprinted 1970). (This is an edition of text of Acts that makes the assumption that the text in Codex Bezae is the more authentic. I don't know if it actually contains an english translation or not.) 3] Another useful that discusses many of the variants in detail is: ""The Theological Tendency of the Codex Bezae Cantabrigiensis in Acts"", Eldon J Epp (Cambridge, 1966). 4] The most recent reference I found was an edition in French from the early '80s. (I can supply the reference if anyone's interested.) 5] Now, many of the works are going to be difficult to find. So if you're interested in examining the differences in the long recension an excellent (and easily obtainable) discussion can be found in: ""A Textual Commentary on the Greek NT"", Bruce Metzger (United Bible Society, 1971). Metzger's book serves as a companion volume to the UBS 3rd edition of the Greek NT. It contains a discussion on the reasoning that went behind the decisions on each of the 1440 variant readings included in the UBS3. Furthermore, notes on an addition 600 readings are included in aTCotGNT (the majority of these occur in Acts). ""[An attempt was made] to set before the reader a more or less full report (with an English translation) of the several additions and other modifications that are attested by Western witnesses ... Since many of these have no corresponding apparatus in the text-volume, care was taken to supply an adequate conspectus of the evidence that supports the divergent readings."" (p 272). 6] Most of the copies of the text of Acts that we have (including the ones in Vaticanus and Siniaticus) adher pretty closely to the shorter (or Alexandrian) version. The longer version to which you refer is usually called the ""Western"" version and its main witness is the Codex Bezae (althought there are a few other rather fragmentary sources). 7] As far as size, the difference is that in Clark's edition (mentioned above) the book of Acts contains 19,983 words whereas the text edited by Westcott and Hort (a typical Alexandrian text) contains 18,401 words; i.e. a difference of about 8-1/2%. 8] To answer the obvious questions, no, there are no major revelations in the longer text nor major omissions in the shorter text. The main difference seems to ""expansion"" of detail in the Western text (or, if you prefer ""contractions"" in the Alexandrian). The Western text seems to be given to more detail. There are some interesting specific cases, but this probably not the place to go into it in detail. 9] The discussion over the years as to which of these versions is the more authentic has been hot and heavy. If there is anything approaching a modern consensus it is (i) that neither text represents purely the ""authentic"" version, (ii) each variant reading has to be examined on its own merits however, (iii) the variant in the Alexandrian text is the ""better"" more often than not."
doc_0029,"[ANAS] A high rank Israeli officer was killed during a clash whith a Hamas [ANAS] Mujahid. The terrorist Israelis chased and killed a young Mujahid [ANAS] using anti-tank missiles. The terrorist zionists cut the Mujahid's [ANAS] body into small pieces to the extend that his body was not recognized. [ANAS] At leat ten houses were destroyed by these atni-tank missiles. If indeed Israeli soldiers killed a ""Hamas Mujahid"" with an anti-tank missile then I'm almost sure that the ""terrorist zionists"" would not have been able to cut up a body which was probably desintegrated by the missile. Stop polluting the net with you fantasies. Tsiel"
doc_0030,"Back in January and February there were several articles (Wash Post, Time...) saying that NASA was ""considering"" the option just as it is now ""considering"" a followup mission 6-12 months after the servicing mission. However, the down time was estimated to be a year+ (servicing, checkout, sceheduling and training another shuttle, orbit verification...) and to be quite expensive. I think it may have been more a mental exercise than a real plan. Don't know. ---------------------------------------------------------------------------- Robert Dempsey (410) 338-1334 STScI/PODPS ""He which hath no stomach for this fight, Let him depart; his passport shall be made, and crowns for convoy put into his purse: We would not die in this man's company that fears his fellowship to die with us."" -Shakespeare"
doc_0031,"I consulted with someone working on an electronic odometer. The design was to use a microprocessor based system to write a somewhat ofuscated pattern into an EEPROM. The idea was to make the circuit difficult to program arbitrary values into the EEPROM. The secondary purpose, acutally the primary purpose from the standpoint of practicality, was to distributed the writes so as to avoid exceeing the maximum number of writes fof the EEPROM being used. The microprocessor also ignored pulses coming from the Hall effect at a rate any higher than 110 MPH so as to make spoofing the reading by bench pulsing at least somewhat undesirable. This was for an automobile that was not expected to ever exceed 110 MPH in operation. The case, of course, might not be the same for your 1993 RX-7! The ECM modules of some cars do indeed store info about conditions under which cars have been operated. Since steering angle and velocity data, etc is available it would not be difficult to collect all sorts of interesting demographic information about the drivers' use of the car. I am not aware of any manufacturer currently trying to enforce warranty restrictions based on reading out use data from the ECM. While it could be a potential invasion of your privacy for manufacturers to have access to data about your driving style, it could also provide valuable information from actual field use conditions to help engineer more appropriate cars. I personally wouldn't mind the dealer collecting my driving demographics as long as it is done in an anonymous fashion."
doc_0032,"GK>I hear that tires for this car can get really expensive. I GK>currently have Goodyear GT+4s that cost the previous owner $500 GK>for four. Try Eagle GAs, wear better, cost less, lose little handling, and are quieter. I'm going to switch to 225s in my next set, with new rims (Fitti Twists) if I can afford 'em by the time my GAs wear out. GK>is a whole new ritual for me with that fangled pedal! Also, I began GK>to wonder how strong that brake really is. (Today, I backed out of GK>parking spot today and started to drive away before I noticed GK>the glowing brake light. Oops.) Mine is strong enough to not let the car move when it's in, even if you're giving it enough gas to normally move it in 1st. You might need a brake adjustment. GK>The driver's power window creaks when closed all the way. The same GK>thing happens in my parents 1989 Mercury Sable. Oddly, all the GK>other windows work smoothly. Watch it closely, the glass actually flexes from the torque in the motor, it seems stronger in the drivers window then the others. GK>I'm liking the interior amenities more and more each day. The GK>cupholders are great. I've found the location (under the armrest in between the seats) to be a pain, but like having them. They moved it into the dash (pop out) in the '91 model year, MUCH better. GK>I really feel like I don't deserve this car. I really can't GK>believe that I could afford it. I got this car ten years GK>ahead of schedule. :-) I did the same thing. Got a black '89 with 65.5k miles on it for $8k in July '92. GK>I've put together the responses to my questions about the cars, as GK>well as other posts with useful information on these cars. I'll be GK>posting this in the form of a FAQ soon. Grabbed it and archived it. Thanks! GK>If anyone is interested in starting a mailing list, please speak up! GK>I don't know if I have the resources here at Purdue to start one, but GK>maybe someone out there does. I'll be starting one this summer, one way or the other (current software I use dosen't support mailing lists, but is on the RSN list - if not, I'm going to upgrade to another package that DOES have it), that is, if nobody else beats me to it. Will make an announcement here when it goes up."
doc_0033,"What gives Isreal the right to keep Jeruseleum? It is the home of the muslim a s well as jewish religion, among others. Heck, nobody ever mentions what Yitza k Shamir did forty or fifty years ago which is terrorize westerners much in the way Abdul Nidal does today. Seems Isrealis are nowhere above Arabs, so theref ore they have a right to Jerusaleum as much as Isreal does."
doc_0034,"I was on vacation all last week and didn't see any news at all. Could somebody fill me in on how St. Louis ended up with Mark Whiten in a trade? Who did we give up Arocha, Allen Watson, Dmitri Young, or did Dal make a decent deal? :"
doc_0035,"Hi, What presentation package would you recommend for a Bible teacher? I've checked out Harwards Graphics for Windows. I think its more suitable for sales people than for preachers or Bible teachers to present an outline of a message. I'm looking for one that: * is great for overhead projector slides. * has or imports clip arts * works with Word for Windows or imports Word for Windows files. * works with inkjet printers If you know of any that meets part or all of the above, please let me know. Please email your response as I don't keep up with the newsgroup."
doc_0036,"Henry, if I read you correctly, you may be asking ""If I put a blackbody in interstellar space ('disregarding the Sun and nearby large warm objects'), what termperature will it reach in thermal equilibrium with the ambient radiation field?"" If that's the case, let me point out that interstellar dust and molecules provide many instances of things that are, well, not-too-far from being blackbodies. Many different observations, including IRAS and COBE, have determined that interstellar dust grain temperatures can range from 40K to 150K. You might look in a conference proceedings ""Interstellar Processes"", ed. D. J. Hollenbach and H. A. Thronson, Jr., published in 1987. Try the articles by Tielens et al., Seab, and Black. Inside the disk of the galaxy, the temperature varies quite a bit from place to place (how close are you to the nearest OB association, I would guess). Outside the galaxy, of course, things aren't so varied. I hope this is what you were looking for...."
doc_0037,"----------------------------Original message---------------------------- D""SB Mincha, Tish(a Yamim La(Omer, Yom Chamishi, Y""D b'Nisan ThShN""G; Universita Varsha b'Varsha, Galut HaMara Meod. SHALOM ALL! Those of You visiting The Ghetto City these days might be interested in the following events timetable (abridged): 19:00, Fri., 16th April, '93: Kabbalat Shabbat service at the Nozyk Shul (6 Twarda Street, Warsaw -- a 10 mins' walk from the Palace of Science & Culture: the tallest building in the city's centre, & the same distance from the Central Railway Station). 09:30, Sat., 17th April, "" : Shacharit L'Shabbat service, Nozyk Shul. 11:30, Sun., 18th April, "" : The Fallen Ones Memorial service, Nozyk Shul. 13:00, Sun., 18th April, "" : Memorial Ceremony at the Jewish Cemetery (Okopowa Street, Warsaw). 18:00, Sun., 18th April, "" : Official Arts Programme at the Congress Hall (a building adjacent to the Palace of Science & Culture, which -- like the Shul -- is located a quarter's walk from most of downtown hotels: Bristol, Forum, Victoria, Europejski, Holiday Inn, Marriott). 12:00, Mon., 19th April, "" : Laying of Wreaths at the Ghetto Heros Monument."
doc_0038,That is great to hear I just may have to take a raod trip to Milwakee this year and see that again. Last time I saw Bernie Brewer was at the age of 10 and I am now 21 thanks for this post. Good to Bill is getting better form the limited coverage we get here in Iowa I know that this will be a great season for the BREW CREW!!
doc_0039,"Actually, the reboost will probably be done last, so that there is a fuel reserve during the EVAs (in case they have to chase down an adrift astronaut or something like that). But yes, you've got the idea -- the reboost is done by taking the whole shuttle up. Somebody has to build that thruster module; it's not an off-the-shelf item. Nor is it a trivial piece of hardware, since it has to include attitude control (HST's own is not strong enough to compensate for things like thruster imbalance), guidance (there is no provision to feed gyro data from HST's own gyros to an external device), and separation (you don't want it left attached afterward, if only to avoid possible contamination after the telescope lid is opened again). You also get to worry about whether the lid is going to open after the reboost is done and HST is inaccessible to the shuttle (the lid stays closed for the duration of all of this to prevent mirror contamination from thrusters and the like). The original plan was to use the Orbital Maneuvering Vehicle to do the reboost. The OMV was planned to be a sort of small space tug, well suited to precisely this sort of job. Unfortunately, it was costing a lot to develop and the list of definitely-known applications was relatively short, so it got cancelled."
doc_0040,"Anyone who thinks being gay and Christianity are not compatible should check out Dignity, Integrity, More Light Presbyterian churches, Affirmation, MCC churches, etc. Meet some gay Christians, find out who they are, pray with them, discuss scripture with them, and only *then* form your opinion. --"
doc_0041,"Wouldn't bother me. I'd laugh. It wouldn't work -- the surface of the Moon is *already* pretty dark, and the contrast would be so poor you couldn't possibly see it. The only reason the Moon looks bright is that it's in bright sunlight against an otherwise-dark sky. Evidently Heinlein didn't know that..."
doc_0042,"For Sale: Fitted car cover specifically for '91',92,'93 MR-2. Top of the line Evolution-3 [TM] fabric. Used for less than 6 months. The cover is in excellent condition-no rips, cuts, stains or other blemishes. It has grommets for a locking cable. The color is silver. Price: $90 f.o.b. will ship collect please contact wchutt@monsanto.com or phone at"
doc_0043,"UPI, and the newspapers who are reporting this being all owned by Saudis I wonder how secure they are feeling by reporting all of these things, maybe Saudi Arabia is allowed to have all the human rights violations it can have, nobody is including them in any list,.. those are designed for independent states. why is this reported from Cairo? ..... Can somebody teach this man some logic? what is the relationship between a human rights league in Saudia and human rights in Bosnia, I guess if we wanted to know what is in Italy, we should know what is in Brasil (Syrian Joke) their claim of following Islamic law is the biggest disservice that they ever did to Islam. ... But how about human rights in Egypt Mr Amin?"
doc_0044,"April 24th is approaching, and Armenians around the world are getting ready to remember the massacres of their family members by the Turkish government between 1915 and 1920. At least 1.5 Million Armenians perished during that period, and it is important to note that those who deny that this event ever took place, either supported the policy of 1915 to exterminate the Armenians, or, as we have painfully witnessed in Azerbaijan, would like to see it happen again... Thank you for taking the time to read this post."
doc_0045,"Desiree Bradley (Desiree_Bradley@mindlink.bc.ca) asked us whether we should think of the Serbs as doing God's work in Bosnia. I've refrained from posting, in hope that someone who is more familiar with the OT than I would answer. But at this point I feel I have to say something. Many things about this posting bother me. I know of not the slightest suggestion in the NT that Christians should use force to propagate the Gospel, and the idea that we should not be concerned about the death of Moslems violates the heart of the Gospel. Christ died to break down these distinctions. In him there is neither Jew nor Greek, there is neither slave nor free, there is neither male nor female. If Moslems do not know him, we may preach to them, but we don't kill them. Furthermore, the attack is between states, not religions. There are Christians being attacked as well. One of the towns under attack is one of the few places where Christians and Moslems are living together peacefully. The precedents being suggested are from the OT. There are in fact two different things being alluded to. The first is from the entry into Canaan. For that to be a parallel, we would need for God to have promised this land through a prophet. And we would need the war to be a holy war. There were tight constraints on behavior in those attacks. Any violations were likely to cause the Israelites to be defeated. Rape would not have been tolerated. While the accounts in Joshua emphasize towns that were totally destroyed, note that it was possible for a town to make peace with the Israelites, and that once that was done -- even when deception was involved -- they were expected to honor it. In contrast, there have been many violations of agreement in this incident. I see no evidence that God has granted Bosnia to the Serbs as a promised land, and if he had, their behavior would have disqualified this from being a holy war. The other OT parallel is from later, when Israel was defeated by Assyria and Babylonia. The prophets saw this as a judgement on Israel for her sins. Someone asks whether we shouldn't see this as a judgement on the Bosnians for their sins. This sounds like a replay of the old claim that we shouldn't have doctors or hospitals because illness is God's judgement. Yes, even bad things may be used by God for good. That includes actions of bad people. But that doesn't justify them. If you read the prophets, you find them very clear that in attacking Israel, the Assyrians and Babylonians were acting as *unintentional* agents of God. Their intent was to attack God's people, and they would be judged for it. The fact that they were actually carrying out God's plan didn't excuse their action. Furthermore, we shouldn't conclude from this that all attacks are judgements from God. God explicitly interpreted that case, through his prophets. As far as I know, he did not send any prophets to Bosnia. While I find it hard to see any good in the current fighting, I am sure God will eventually make good come out of bad. But that doesn't justify it, and it won't save the people who are doing it from judgement."
doc_0046,"Are you trying to say that there were no massacres in Deir Yassin or in Sabra and Shatila? If so then let me tell you some good jokes: There is not and was not any such thing like jewish killing in WWII Palestinians just did what Davidians did for fourty years and more. In fact no one was killed in any war at any time or any place. People die that is all. No one gets killed. Maybe also vietamiese didn't die in Vietnam war killed by american napalm they were just pyromaniacs and that's all. Maybe jews just liked gas chambers and no one forced them to get in there.they may be thought it was like snifing cocaine. No? What do you think of this ? Isn't it stupid to say so? Well it is as stupid as what you said .Next time you want to lie do it intelligently. Sincerely yours. Hassan Arab civilians did die at Dir yassin. But there was no massacre. First of all, the village housed many *armed* troops. Secondly, the Irgun and Stern fighters had absolutely no intentions of killing civilians. The village was attacked only for its military significance. In fact, a warning was given to the occupants of the village to leave before the attack was to begin. By all rational standards, Dir Yassin was not a massacre. The killing was unintentional. The village housed Arab snipers and Arab troops. Thus it was attacked for its military significance. It was not attacked with intentions of killing any civilians. To even compare Dir Yassin, in which some 120 or so Arabs died, to the Holocaust is absurd. The Irgun did not want to kill any civilians. The village had almost 1000 inhabitants, most of whom survived."
doc_0047,"Apologies... Your mail is probably in the pile that arrived just before I got sick about a month ago... A reply will appear eventually... So far, there have been none (unless you count an interview in The Amateur Computerist about the history of netnews, which may be disqualified because TAC's budget doesn't run to reproducing photos...)."
doc_0048,"[much of the excellent post deleted for space -- TjL] )->With all the suffering and persecution that it meant to be a believer, it )->would be quite probable that at least one of those in the supposed conspiracy )->would come forward and confess that the whole thing was a big hoax. Yet )->not one did. It seems rather reasonable that the disciples did not make )->up the resurrection but sincerely believed that Jesus had actually risen )->from the dead; especially in light of the sufferings that came upon those )->who believed. I was at the ""Jubilee"" conference this year in Pittsburgh PA, and the speaker there spoke of this as well. He talked about many of the same things you mentioned in your post, but here he went into a little more detail. I'll paraphrase as best I can: ""Suppose you were part of the `Christian consipracy' which was going to tell people that Christ had risen. Never mind the stoning, the being burned alive, the possible crucifixion ... let's just talk about a scourging. The whip that would be used would have broken pottery, metal, bone, and anything else that they could find attached to it. You would be stood facing a wall, with nothing to protect you. ""When the whip hit you the first time, it would tear the flesh off you with instant incredibly intense pain. You would think to yourself `All this for a lie?' The second hit would drop you to your knees, you would scream out in agony that your raw back was being torn at again. You would say to yourself: `All this for a lie?' And you had 37 more coming. ""At the third hit you would scream out that it was all a lie, beg for them to stop, and tell them that you would swear on your life that it had all been a lie, if they would only stop...."" It is amazing enough that those who believed kept their faith under such torture.... but for a lie? There is no one fool enough to do that.... And no one came forward. Excellent post John, thanks for taking the time."
doc_0049,"This comes up periodically, and I just don't get it. Take, for example, Mark McGwire. He walked 90 times in 1993. If that's not a potential great example of what you're talking about then I don't know what is. Now let's look at what happens when McGwire doesn't walk: 75% of the time he made an out. 10% of the time he hit a single. 5% of the time he hit a double. 10% of the time he hit a homer. Now, you're pitching against McGwire. Would you trade 20 walks for 2 homers, 1 double, 2 singles, and 15 outs? I would. Why give him the base when you can get him out 3 times out of 4? Then there are guys like Alex Cole, who has a career .363 OBP even though he's never had a batting average over .300 (he did hit .300 in 227 AB in 1990) or hit a single home run. Yep, that's right, he's *never* hit a homer in 916 AB's through the end of 1992. Who'd be afraid to throw a strike to him? Mike Jones | AIX High-End Development | mjones@donald.aix.kingston.ibm.com"
doc_0050,"jwindley@cheap.cs.utah.edu (Jay Windley) writes... [...] This is curious. I read in _EH_... ""The Lord imparted the gift of knowledge to James the Just, to John and Peter after his resurrection, these delivered it to the rest of the apostles, and they to the seventy, of whom Barnabas was one."" --- Eusebius, _Ecclesiastical History_ It seems that the Lord imparted the gift of knowledge, not that the Lord imparted secret information. [...] I'm afraid that I cannot find this portrayal in _EH_. I don't see anywhere in 3:32:7-8 where Eusebius mentions that certain gnostics had the wrong gnosis. The closest is when Eusebius summarizes Hegesippus' statements, ""...whilst if there were any at all, that attempted to pervert the sound doctrine of the saving gospel, they were yet skulking in dark retreats..."" ""Favorably interpreted?"" Just in looking at two of the four references that you gave (I have the _EH_ handy, Irenaeus and the _Clemetine Recognitions_ I will have to look for) I see no room for such 'interpretations.' And any such 'interpretation' still falls short of an equivalence to the Temple Ceremonies. The links for Jay's using _EH_ for support are: ""imparting the gift of knowledge"" = ""imparted secret information"" = ""being given secret signs and tokens to gain entrance to heaven."" But there is not enough equivalence between the the ideas for us to be able to call this ""favorable interpretation."" It appears to be closer to ""fabrication."""
doc_0051,"Being wierd again, so be warned: Is there a plan to put a satellite around each planet in the solar system to keep watch? I help it better to ask questions before I spout an opinion. How about a mission (unmanned) to Pluto to stay in orbit and record things around and near and on Pluto.. I know it is a strange idea, but why not?? It could do some scanning of not only Pluto, but also of the solar system, objects near and aaroundpluto, as well as SETI and looking at the galaxy without having much of the solar system to worry about.."
doc_0052,"I'm from Dallas, and you have alot of nerve saying that WFAN has a bunch of Hoodlum Mets fans. During the football season, the local cowboy station here had the WIP on several times for simultanious broadcasts. I have never heard a bigger bunch of low intellect, bed wetting ,obnoxious, woofing, cranial deformed, assholes in my entire life! The IQ of the average eagles fan must be in the 10-15 range at best, and they have been known to be big droolers. (Please no flames) ... <let's see if it works for me Bob> ;-)"
doc_0053,"Please note that God commanded Adam to work before the fall: ""The LORD God took the man and put him in the Garden of Eden to work it and take care of it."" (Gen 2:15, NIV). Work was God's design from the beginning. -- Ken"
doc_0054,"Last year Brein Taylor was in A ball, probably at Tampa in the Florida State League. I believe he began this year in AA which is Albany. Hopefully George won't rush him and he'll be allowed to progress at his own rate to AAA and then to the Bronx. This guy is the real thing."
doc_0055,I'd guess this was a garbled report of the NERVA effort to develop a solid-core fission rocket (the most mundane type of nuclear rocket). That was the only advanced-propulsion project that was done on a large enough scale to be likely to attract news attention. It *could* be any number of things -- the description given is awfully vague -- but I'd put a small bet on NERVA.
doc_0056,Anyone have figures or pointers to references about how fast/much car prices have gone up in the last decade?
doc_0057,"2 simple reasons: (1) Batting Williams ahead of Bonds will create a Left(Clark), Right(Williams), Left(Bonds) situation in the middle of the batting order. This makes it tougher for opposing manager to change pitchers. (2) Having Bonds batting behind Williams means that Matt will get more good pitches to hit. This is important since he struggles so much with breaking balls. Opposing pitchers don't want to walk Williams to get to Bonds."
doc_0058,"QUESTION: what's your experience with car wash wax? This is the liquid type of wax in bottles that you pour it in water, sponge it on you car, hose it off, and dry it with cloth. Many people have used it. It is very easy to work with and gives seeminly the same visual results as that of paste type of wax. But, does it last long? Does it have any negative effects to car paint? Can you forward your reply directly to my email id? Thanks."
doc_0059,"Andy Beyer has claimed that the Israeli Press is a bit biased. But the fact is that there are events shaping the politics of the mideast that people who do not read the Israeli press simply know nothing about. Many of these events are not even mentioned here. I read the Israeli press to learn of important events about which you know nothing, because of your total reliance on western media for your information on Israel. Since I read both American media and Israeli media, I can say with absolute certainty that anybody who reliesx exclusively on the American press for knowledge about Israel does not have a true picture of what is going on."
doc_0060,"Ah, yes, the big chunks down in the sump. The solution is simple. Sort of like the advice my Aunt always gave -- never scratch your ear with anything except your elbow."
doc_0061,"my $.02 - Yes and No. I do not believe the above scenario is not possible. Either they are believing and living (in at least some part) led by God, else they are not. Believing (intellectually, but waiting(?)) is not enough. Especially important to remember is that no one can judge whether you are so committed, nor can you judge someone else. I guess the closest we can come to know someone's situation is listening to their own statements. This can be fallible, as is our sense of communion one with another. Regarding this passage, we need to remember that this is a letter to a church (at Laodicea), people who are Of the Body of Christ. (Rev.3:14-16) He talks about their works. A translation could say that he says their lack of concern makes him sick (to the point of throwing up). Right, saving is by faith alone, except that faith does not come alone, if you catch the two meanings. I can offer the explanation that Jesus would that we were either ""on fire for Him"" or so cold we knew we were not in His will and thus could be made aware of our separation. This is admonishment for His children, not eternal damnation."
doc_0062,"There is a fine line between ""getting players' input"" and ""knuckling under to players' demands."" A manager, much like a military officer, needs to have his (her) players' complete obedience and respect during a game. After the game, it's no big deal, but when there is no time to do more than react, players must trust the manager or the team often falls apart (see: Boston Red Sox, ff. :) ) Strawberry's demeanor as represented by the media, often sounds like demands. I suspect that a comment like ""I enjoy hitting fourth; I'm used to it"" would get pretty brutally misinterpreted by the media if it came from Strawberry. Russ Porter quoted Strawberry as saying, ""I feel more comfortable hitting cleanup and I think I perform best in that role."" (Paraphrased by my memory and bias.) That seems like a fairly non-petulant answer to what was almost certainly a question like, ""How do you feel about being moved to the third spot in the order?"" A more media-sensitive player might answer ""The manager knows what he is doing. If he thinks that batting me third will help the team, then I am all for it."" We'd ignore that answer as brown stuff, so it seems a little bit of an overreaction to brand Darryl's response as petulant. Personally, I think his argument is nonsense and that it really doesn't matter much in which order the #2-5 players in the order are batted, except for personal stats. If I were Darryl, I'd probably answer that question, ""The number four spot gets a few more RBI opportunities and I get paid for RBIs. I think it is best for me to bat fourth, but I am willing to hit third if Tommy thinks it will benefit the team."" or something like that. It would be helpful at salary time--my RBIs were down because I was hitting third--and make him sound like a ""team"" player. Since Strawberry will not likely go through arbitration, but use the free agent market for his next contract, maybe that argument is useless, but it would help his image with the media without appearing to be totally content-free."
doc_0063,"[referring to Mary] I have quite a problem with the idea that Mary never committed a sin. Was Mary fully human? If it is possible for God to miraculously make a person free of original sin, and free of committing sin their whole life, then what is the purpose of the Incarnation of Jesus? Why can't God just repeat the miracle done for Mary to make all the rest of us sinless, without the need for repentance and salvation and all that? I don't particularly object to the idea of the assumption, or the perpetual virginity (both of which I regard as Catholic dogma about which I will agree to disagree with my Catholic brothers and sisters in Christ), and I even believe in the virgin birth of Jesus, but this concept of Mary's sinlessness seems to me to be at odds with the rest of Christian doctrine as I understand it."
doc_0064,"DeSoto's first year of manufacture was 1928, so this may indeed have been an export special, as left hand controls were standard here by then."
doc_0065,"Could be. There is a Jayson Stark that writes weekly for some press syndicate and also for Baseball America. Stark has done this sort of thing, but he has never been serious about it. He usually states that this sort of projection is useless at the top of such columns. I think he did it one season and some manager was ""projected"" to be thrown out of 60 games and some hitter could expect to be plunked 150 times. Stark does some really funny stuff. His weekly baseball reviews are good collections of strange things that happened during the previous week. He also regularly prints Kinerisms."
doc_0066,"Yeah, People act really shocked about violence, as though it were new to our species... What about the holocaust? The crusades? The Salem witch trials? The religious persecutions of the middle-ages? What about violent acts carried out in the name of religion all over the world? What about the early Christians put to death by the Romans? The Jews persecuted by Christians? There are a lot more humans today than there have ever been. I do not know the stats, but there are far more people on the planet than there were 2 or 3 hundred years ago! The per capita acts of violence are probably not significantly different than they were a hundred or a thousand years ago! There is nothing new about violence."
doc_0067,"My recollection of History/Documentary books is slitely different. It is my understanding that Croats were allies of Germany during WWII, while Serbs had sided with Russia. As a result Serbs did take a beating from Croats (NOT Bosnian Moslems) while Germany had the upper hand. Even today, Russians consider/call Serbs as their Slovac brothers. This is one of the issues involved in the U.N.'s lack of active intervention against Serbs. As for the Bosnian Moslems, I have not heard of any alliance with Germany or Russia in recent history. Therefore, I am curious if they did or were able to treat other parties in this conflict with same brutallity (as they are getting it today) in the past history."
doc_0068,"Congratulations also are due to the Hamas activists who blew up the World Trade Center, no? After all, with every American that they put in the grave they are underlining the USA's bankrupt imperialist policies. Go HAmas! Blah blah blah blah blah Brad, you are only asking that that violence that you love so much come back to haunt you..............."
doc_0069,"There were a great many Germans, Poles and others who did not sympathize with the victims of the Holocaust but instead participated with enthusiasm in the killing. The Holocaust wasn't a massacre, it wasn't even killing for sport; it was an entire Industry of Death. German engineers, architects technicians and bureaucrats proudly put their best efforts into as efficient and methodical a Killing Machine as they could devise and operate. And it certainly was something extraordinary. Please don't bleat to us about how the Nazis suffered from the Holocaust. All Jews suffered during WWII [...] was ""correct"" him with: All humans suffered [...] So what WERE you implying? Are we supposed to thank you for your generosity? Or should we be pleased with your minimal common sense? Why is it that when someone writes something simple like ""All Jews sufffered during WWII"" that YOU feel the burning need to add commentary? Regardless of what people write, you keep trying to twist things into what YOU want to hear. People with similar tendencies in more extreme form are sometimes called Historical Revisionists. Is this something that you aspire to?"
doc_0070,"May I suggest the book: ""Ethics"" by Dr. Norm Geisler, of Dallas Theological Seminary. In it, he goes over all the arguments pro and con and in-between, and comes up with a very reasonable answer. If I have time, and there is enough interest, I may post his position. Jon Noring -- Charter Member --->>> INFJ Club."
doc_0071,"Sorry, but *neither* 'dictates' the cost. It's a negotiation. Whether it's up front at a honda dealership in an all out dickering war, or more removed on a larger economic scale (ie, if saturn can't sell at it's price, the price drops, or the company stops building them), it remains a negotiated value controlled by market forces. To think that the consumer controls price is ludicrous. If the consumer controled price, then cars would be *free*...And no one would build cars. Regards, Charles"
doc_0072,"[DG] THE U.S. HOLOCAUST MEMORIAL MUSEUM: A COSTLY AND DANGEROUS MISTAKE [DG] by Theodore J. O'Keefe [DG] HARD BY THE WASHINGTON MONUMENT, within clear view of the Jefferson [DG] Memorial, an easy stroll down the Mall to the majestic Lincoln Memorial, [DG] has arisen, on some of the most hallowed territory of the United States of [DG] America, a costly and dangerous mistake. On ground where no monument yet [DG] marks countless sacrifices and unheralded achievements of Americans of all [DG] races and creeds in the building and defense of this nation, sits today a [DG] massive and costly edifice, devoted above all to a contentious and false [DG] version of the ordeal in Europe during World War II, of non-American [DG] members of a minority, sectarian group. Now, in the deceptive guise of [DG] tolerance, the United States Holocaust Memorial Museum begins a propaganda [DG] campaign, financed through the unwitting largess of the American taxpayer, [DG] in the interests of Israel and its adherents in America. [JAKE] After reading the first paragraph, a quick scan confirmed my first [JAKE] impression: this is a bunch of revisionist and anti-semitic hogwash. Jake, I'm really disappointed in you. It took you a whole paragraph to see that it was ""bunch of revisionist and anti-semitic hogwash"". :-) The article title ""THE U.S. HOLOCAUST MEMORIAL MUSEUM: A COSTLY AND DANGEROUS MISTAKE"" should have been enough! :-) Tsiel"
doc_0073,"Davis will be paid by three clubs this year, I think the Phils are responsbible for about $600,000 or so. They didn't wait for him to clear waivers as three other clubs were also very interested in him. A gamble? Yes. Won the CY Young, too, for that year."
doc_0074,"seanna@bnr.ca (Seanna (S.M.) Watson) asks: > What is the objection to celebration of Easter? The objection naturally is in the way in which you phrase it. Easter (or Eashtar or Ishtar or Ishtarti or other spellings) is the pagan whore goddess of fertility. Therefore, your question to me is ""what is the objection to celebration of the pagan whore goddess?"" When phrased that way I suspect (or at least I would HOPE) that it becomes immeadiately apparent what my objection to ""celebrating"" her would be. > It is celebration of the resurrection of Jesus. No, you are thinking perhaps of ""Ressurection Sunday"" I think. (Though I'm not too crazy about the word ""Sunday"", but I certainly like this phrasing much better than envoking the name of the whore goddess.) For that matter, stay Biblical and call it Omar Rasheet (The Feast of First Fruits). Torah commands that this be observed on the day following the Sabbath of Passover week. (Sunday by any other name in modern parlance.) Why is there so much objection to observing the Resurrection on the 1st day of the week on which it actually occured? Why jump it all over the calendar the way Easter does? Why not just go with the Sunday following Passover the way the Bible has it? Why seek after unbiblical methods? > I don't recall a command in Scripture for us to celebrate > the resurrection, but it is the sole and only reason that > we are Christians--how could we not celebrate it? So what does this question have to do with Easter (the whore goddess)? I am all for celebrating the Resurrection. Just keep that whore out of the discussion. > If it is only the name which is a problem, I suggest that if > we are too concerned about etymology, there are a lot of > words we are going to have to drop. (As an aside, some > terminally PC people here in Ottawa want dictionaries to be > altered so that there are no negative definitions associated > with the word _black_, so as not to offend people of colour. Yes, I have heard of your newspapers speaking of the need to repave streets with ""Afro-Canadiantop"". <grin> (I still think ""blacktop"" sounds better though.) > As a short person, I hope they will also remove the definition > ""curt or surly"" associated with my physical description.) Fine by me. And while we are at it, the left-handed people are both ""sinister"" and ""gauche"" so we probably will have some objections from that quarter as well. > In Quebec French, the word for the celebration of the > resurrection is ""Pa^ques""--this is etymologically related > to Pesach (Passover) and the pascal lamb. So is the > French Canadian (mostly Roman Catholic) celebration better > because it uses the right name? Yes, that sounds much better to me. Is there anyone out there would thinks that phrasing sounds worse? > So from this I infer that there are different rules for > Christians of Jewish descent? What happened to ""there is > neither Jew nor Greek, slave nor free, male nor female, for > all are one in Christ Jesus""? Read the letter to Philemon. Now tell me, was Philemon's ""slave"" returned to him? Were there different rules upon the slave than upon Philemon? How about male and female? Are there different ""rules"" that apply to them as well? Or if there is no more ""male and female"" can Adam and Steve get married to each other in your congregation? Yes, there are differences in form and function. But the way we come to Salvation in Messiah remains the same no matter what our position in life. --------------------------------------- [I am in general not in favor of continuing this discussion, as it seems repetitive, but this particular point is one that I believe is new -- the objection is not to having a holiday but to its name. I'd like to suggest that people think very carefully about this argument. Words often change their meaning over time. The days of the week are of course originally based on pagan gods. Some Christians prefer to refer to ""first day"", ""second day"", etc. However the majority of Christians have not been persuaded. The question seems to be whether it makes any difference what the dictionary shows as the derivation of a word, if what people mean by it and think when they use it is different. Indeed I'd like to suggest that postings like this could themselves be dangerous. Suppose people in general use Easter to mean the celebration of Christ's resurrection. Postings trying to convince them that they really mean a celebration in honor of some godess run the risk of creating exactly the situation that they claim to oppose. They are doing their best to *create* a linkage in people's minds between their celebration and the pagan goddess. It's not clear that this is a healthy thing."
doc_0075,"just to satiate my curiosity, why would this make you the stupid one? It seems to me, everybody SHOULD be aware enough of what is going on. You do not need to calculate the future position. You need to look at your mirrors a little more. If you glance around, you will be able to tell how much faster than you the car is going. Maybe not precisely, but well enough to know if you should let him around before you try to pass. I know what you are talking about, about the other driver being startled, because i myself have been startled by drivers cruising by at around 90-100mph when i'm doin 55-65. The problem, though, as i saw it, was not their fault for barreling around me, but my fault for not paying the attention to my task-at-hand that i should have been. Oddly enough, since the 2nd time(happened 2x in around 4 mo. when i'd had my liscence for around 6 mo), i haven't been startled..and i've been passed by cars doing roughly twice the speed of my car. Another odd occurance is the fact that this only seems to happen on LONG trips...and if i drive along with them, it doesn't happen at all :-) even on the long trips! :-) (adrenaline will do that to you...i've had bad cop experiences with speeding, so anything over the limit is adrenalizing for me...scared i'll get caught :-) Maybe they should raise the limit, so we can pay better attention..... just curious, and my .otwo"
doc_0076,"It's not scriptural, but comes from the patristic age, I think: something about ""amare errantem, interficere errorem"", which sounds more like ""love the errant, slay the error"". No doubt someone else will know in particular who minted the phrase. If I had to guess, I'd blame :-) St Augustine, who seems to have had a gift for aphorism."
doc_0077,"The Apollo fire was harsh, A Saturn V explosion would have been hurtful but The Soviets winning would have been crushing. That could have been *the* technological turning point for the US turning us from Today's ""We can do anything, we're *the* Super Power"" to a much more reserved attitude like the Soviet Program today. Kennedy was gone by 68\69, the war was still on is the east, I think the program would have stalled badly and the goal of the moon by 70 would have been dead with Nasa trying to figure were they went wrong. I speulate that: +The Saturn program would have been pushed into the 70s with cost over runs that would just be too evil. Nixon still wins. +The Shuttle was never proposed and Skylab never built. +By 73 the program stalled yet again under the fuel crisis. +A string of small launches mark the mid seventies. +By 76 the goal of a US man on the moon is dead and the US space program drifts till the present day."
doc_0078,"Sheesh! I don't know what kind of women they have where you guys live, but there are some ladies here who will blow your doors off. Or at least they will try to, but we just can't let the youngsters get too uppity with us old folks :-)."
doc_0079,"Bill Burns was looking for a description of the differnces between the Catholic and Lutheran churches. I'd recommend Prof. William Whalen's book ""Separated Brethren"". It's an overview of common US denominations, intended for a Catholic audience."
doc_0080,I personally will never forget Mike Schmidt's home run against the Expos in 1980 that decided the NL East. It was also his career high 48th.
doc_0081,"Dumbest options? Well here in the UK, BMW offer a 'no-smokers' option... It just means they take the fag lighter out.... big deal.... BTW - I just bought a Honda CRX F1..... its neat... did consider an MR2 targa, MX5 (you guys call it Miata?).... but that CRX just one my heart with that body kit and 8-spokes...."
doc_0082,And then cs1442aq@news.uta.edu (cs1442aq) quoth: That's too bad. I really had hoped Nolan could end his career with a great year. I suppose there is still hope.
doc_0083,"For an essay, I am writing about the space shuttle and a need for a better propulsion system. Through research, I have found that it is rather clumsy (i.e. all the checks/tests before launch), the safety hazards (""sitting on a hydrogen bomb""), etc.. If you have any beefs about the current space shuttle program Re: propulsion, please send me your ideas. Thanks a lot."
doc_0084,"Well, I'm afraid the time has come; my rice-burner has finally died. I'd always promised my wife that we would do a Scandanavian tour when my car died and pick up a Volvo in Sweden, drive it around and then import it home. Can anyone give me 1) advice on feasibility and relative costs 2) references where I might learn more 3) Personal experience? Please email"
doc_0085,"Feasability study?? What a wimp!! While you are studying, others would be doing. Too damn many engineers doing way too little engineering. ""He who sits on his arse sits on his fortune"" - Sir Richard Francis Burton"
doc_0086,As the subject says. It has 70k and my brother-in-law wants $250. Please don't reply to me as I am posting this for him. Here's his numbers : 5pm-10pm 712 676 3669 daytime 712 269 1261
doc_0087,"Ok, so in my ongoing search for a sport utility, here's the latest; Toyota 4runner: Small. Small Small Small. The interior of this vehical is impossible for a large person. Too bad; it would have been the winner otherwise. Nissan Pathfinder: Very low ceiling. My head hit the roof, Fun on bumps, no? Also has a cheap-looking interior. Isuzu Trooper: Class act. This is a really, really nice vehical. Very comfortable, handled ok. Has really cool grab handles EVERYWHERE. But it's huge, and the engine is a bit too small for it's bulk; also the manual shift is weird and kind of awkward. I'd buy this if it were $3k cheaper or 10"" shorter. But at this size and for this price, no. I kept picturing trying to park in in San Francisco. No Thanks. Chevy Blazer: Cheap looking. Small. Not as small as the Toyota and Nissan, but still too small. Ford Explorer: This is no sports car, and it's certainly not for the serious off roader. But it's big enough to be comfortable without being as huge and heavy as the trooper. It's engine has plenty of power for everyday driving, though it would be nice if it had a *bit* more. The automatic tranny is pretty nice; head and shoulders above my '90 mazda MPV. The steering is not as tight as I'd like, but it's acceptable. The two door has easy-to-enter back seats (Easier to get into, in fact, than the driver's seat of the 4runner!) and with a 10"" shorter wheelbase and the easier availability of a manual tranny, (Yes, I'm a manual shift biggot, I admit it...) it's the one I'm thinking of buying. So, that said, is there anyone out there who has one of these and hates it? Anyone had any major problems? Heard any horror stories? Also, any reason to buy the ford over the mazda Navajo, both being essentially the same vehical? Thanks- -Karl"
doc_0088,"[insert huge deletion of all following material since it had little relevance to what I've found] OK. The people before Jesus didn't have Jesus, right (so far, I've announced that space is a vacuum)? The people who lived during the time Jesus lived (especially disciples) were taught this: ""I tell you the truth, anyone who has faith in me will do what I have been doing. He will do even greater things than these, because I am going to the Father. And I will do whatever you ask in my name, so that the Son may bring glory to the Father. You may ask me for anything in my name, and I will do it."" (John 14:12-14) So, Jesus asked them to pray for things in his name. Since that time, the request has been the same, not to ask for intercession from other beings, but from Jesus. Remember that ""there is one God and one mediator between God and men, the man Christ Jesus, who gave himself as a ransom for all men--the testimony given in its proper time."" (1 Timothy 2:5-6. Also, ""there have been many of those priests [talking about priests among the Hebrews], since death prevented them from continuing in office; but because Jesus lives forever, he has a permanent priesthood. Therefore he is able to save completely those who come to God through him, because he always lives to intercede for them."" (Hebrews 7:23-25). Hebrews is also full of areas talking about Jesus being our mediator rather than any other man. Joe Fisher"
doc_0089,"Someone from NASA posted that there were very significant mass margins on the HST re-boost mission. A while back i had asked why not carry the EDO pallet up, and the answer was the mass margins were tight enough, they weren't even carrying extra suits. Where's wingo when you need him:-) COme on. Knock that S**T off. YOu forget, that during skylab, they did overnight mission planning for the repair EVA's. Also during theøÄ Intelsat Mission, they did overnight WETF simulations. I somehow think they could train up a new EVA in 8 months. And as for building hardware, anything can be built if you want it bad enough. YOu forget, the BUS 1 is already built. all they'd ahve to do is soup it up, even test it on a delta mission. Don't get into this mode of negativism. besides, at the rate missions slip, the Discovery won't launch on this mission until March. that's almost a year. Ah, but how much more expensive is the Second HST servicing mission. YOu forget, there is a bum FGS, the Solar array electronics, are getting hinky and there is still 8 months until the servicing mission. The time for the space walks are growing rapidly. THis was orignally planned out as 3 spacewalks, now they are at 5 EVA's with 3 reserve walks. If the SMT can avoid a second servicing mission that's $500 million saved. If the Weight savings, means they can sit on orbit for 30 Days. and handle any contingency problems, that's quite a savings. Of course, there wasn't any need for the Saturn V after apollo too. as for the problems with the aperture door, I am sure they can work out some way to handle that. Maybe a Plug made from Frozen ice.? it'll keep out any contamination, yet sublime away after teh boost."
doc_0090,"All humans suffered emotionally, some Jews and many others suffered physically. It is sad that people like you are so blinded by emotions that they can't see the facts. Thanks for calling me names, it only assures me of what kind of ignorant people I am dealing with. I included your letter since I thought it demonstrated my point more than anything I could write."
doc_0091,"[ a nearly perfect parody -- needed more random CAPS] Thanks for the chuckle. (I loved the bit about relevance to people starving in Somalia!) To those who've taken this seriously, READ THE NAME! (aloud)"
doc_0092,"Whoa! Watch your terminology. ""Dealer invoice"" is *not* ""dealer cost"". You'll hear lots of ads screaming ""two dollars over dealer invoice!!!"" Sounds like a real deal, huh? No. You know what the ""dealer invoice"" (also called factory invoice) is? It's a piece of paper with numbers on it that the factory sends the dealer. What do the numbers signify? Absolutely nothing. It's a marketing gimmick that the salesman can wave in your face to impress you. Note that nowhere on the ""invoice"" does it claim to be the real price of the car, and most ads which mention dealer invoice will end with a very fast, low voice saying something like ""invoice may not reflect actual dealer cost"". Actually, I *guarantee* it does not reflect actual dealer cost."
doc_0093,"%I say buy out Henderson's contract and let him go bag groceries. Next %season, you'll be able to sign him for nothing. That goes for any bitching %ball player."
doc_0094,"I looked at that Bimmer yesterday. It's an '81, has about 90kmi, according to owner (odometer stopped working at 68Kmi). Drivess well, sounds good, body is OK, he wants $3000. i liked the car, despite it's auto tranny, but my wife will be a primary driver on this one, and she wants auto. The radio does not work untill the car warms up and you honk the horn (!) The A/C seems to have a leak. The sunroof is sticky, but operational. Odometer does not work, as mentioned before. Idle is a bit bouncy, going from 900rpm to 1200rpm. Wipers are slow. That's teh gripes. The owner says that he changed radiator, alternator, rotors and calipers, exhaust. The biggest problem, is that the owner is a shifty SOB, telling strange stories. I hate that. I would never buy from a persom like that, except, how often you see a descent 528i for that amount of money. He also said that, although I could bring a mechanicin, he wouldn't let me check the car by taking it to a garage. Suspicious. And who knows what milage is on it. So, let me know what to check for, given there's practically no rust. I know there was an article on 528i in R&D a few years back, anybody remembers what issue? Mike.S"
doc_0095,"Carrying in the glove box is not covered...I'm not sure what I was thinking there. It _is_ legal in Oklahoma. On inter-state travel, as long as it is legal for you to own at your point of origination and destination, the gun is carried in a locked compartment/box (glove box specifically excluded) separate from the ammo, it is legal under Title 19, Chapter 44, Section 94(9? I forget, and my copy of the regs is at home) of the US Code. This, unfortunately, has not prevented the theft by state troopers of a certain state (which shall remain nameless to protect the hopelessly stupid) under that state's law. Gee, and I thought Federal Law overrode state law... James"
doc_0096,"Correction, and some more info: The Kaliningrad that Mr. Larrison writes about is indeed near Moscow. I've read that it may also be known by the name Podlipk, and is a short distance from Zvezdny Gorodok (Star City) and the Cosmonaut Training Center there. I read that the Tsniimach (Central Scientific Research Institute of Machine Building, est. 1961) Enterprise was also responsible for creating the NKIK (Ground Command and Measurement Complex) including the Kaliningrad Flight Control Center which has controlled all Soviet/Russian manned spaceflights since its completion in 1973. However, it appears to have been a part of the Ministry of General Machine Building which was not part of the military (Ministry of Defense) but would have been a part of the military-industrial complex."
doc_0097,"[...} Living through those days at the age of 20 and following the internal and external news gives me that knowledge and position. In 1974, Turkey had a democratic goverment and free press at that time. Forget about internal news agencies, I haven't heard anything from any international source about any concentration camps with Greek Cypriot prisoners in Turkey. However, I heard Adana POW camp. It was not secret and well recognized POW camp. I see, They vanished in Turkish labor camps. Turks have decided to acknowledge their existence first but later changed their minds releasing them. Is that it? What do you think happened to them? I thought that MIA's are only the subject of Rambo and Chuck Noris movies. Seems that I am wrong. You don't need to belive me. Turkiye was never a clandestine state in its history, It has been a respected and continuous member of UN since the inception of UN. No body ever questioned the UN membership of Turkey because of what had happened in 1974a and after. Only a short lived arms embargo was imposed unilaterally by USA to satisfy the internal Greek loby. I know what you would say next. Let me answer it before wasting anytime. Yes! UN had a few condemning resolutions against Turkey because of handling the Cyprus problem, especially after the 1980 coup. Well, US and Israel had a few too. What can I say? I am sure during Athens Junta duruing 1960-74, Greeks had their own share too. Have you looked at the latest UN agenda for Cyprus talks mediated by Gali? There was no issue whatsoever about any missing people among the negotiating parties. was there? I heard many times from Denktas interviews by Turkish and International press. He keeps saying that ""This was no longer an issue for peace talks."" Also, you don't want me fish for the Greek Cypriot politician's words (that Argic had posted zillion times) describing missing peoples as a Greek-Cypriot myth. Seems that there is a different opinions among Greek-Cypriots as well about missing people in Turkish custody. [..] I am not claiming anything. I just told you what was given to Greek Cypriots as an answer by Turkish Goverment/Turkish Cypriots when they wanted to locate some of their own between July 15 and the final cease-fire in late August, 1974. This answer seems to satisfy the international community, the UN, and the Vasilu Goverment (since he did not make it an issue for the peace talks). Also, I am not aware of any UN condemnation against Turkey about any missing Greek-Cypriot. Are you? BTW, do you mean that Nicos Sampson had a bloodless coup d'eta and nobody got hurt in those events? Like I said before. There is even a different opinion among Greek-Cypriots for this myth. The officers in Turkish Army who governed the Adana POW camp must be hell of clever dudes to cover up their tracks 8-). I hope Turkish Army does't have same type of morons for the security of Turkiye. However, this must a good subject for a movie script. One should inform Oliver Stone about this. ^^^^^^^^^^^^^^^^^^^^^^^^^^^^^^^^^^^^^^^^^^^^^^^^^^^^^^^^^^^^^^^^^ ^^^^^^^^^^^ ^^^^^^^^^^^^^^^^^^^^^^^^^^^^^^^^^^^^^^^^^^^^^^^^^^^^^^^^^^^^ If this is what you understood from the paragraph above, you better let your computer system administrator check the character conversion tables in your system. If yours are OK, I should inform mine 8-)."
doc_0098,"^^^^^^^^^^^^^^^^^^^^^^^^^^^^^^^^^^^^^^^^^^^^^^^ I've heard many Turks say this and it surpises me that they don't read about it.Remember the Treaty of Sevres-as a consequence of being in the Axis powers in WWI.The Turks UNDER INTERNATIONAL LAW were supposed to look after their minorities ie. Greeks,Armenians,Kurds(I must say Turk-Kurd relations are improving slightly with time) and not pose a threat to Turkey's neighbours. The Turks blatantly rejected this treaty(the Germans grudgingly accepted Versailles which was a million times worse for the health and pride of the German people).The Greeks who had an army there,were there with BRITISH and FRENCH backing to enforce Sevres. In possibly the first example of appeasement the Young Turk government managed screwed the Treaty of Laussane out of the weak allies,this was after the Greek forces were were destroyed at Smyrna.When this occurred incidently, FRENCH warships were in the harbour and many Greeks trying escape swam to the FRENCH warships and climbed aboard only to get their arms cut off by the FRENCH as they clawed they're way up the sides of the ships. Libertae,egalitae,fraternatae."
doc_0099,"My apologies if this is a re-post - I submitted it on Friday, but got a message that my post might not have gone out. Considering the confusing spitting contest over 'rights', (there are TOO inalienable rights damn it! The majority can be just as destructive of liberty as a despot), I suspect that my post did not get out of my site. (I ain't saying that dark skies are included in these rights, although we can only preserve any rights by exercising them.) Anyway, here are my thoughts on this: I'd like to add that some of the ""protests"" do not come from a strictly practical consideration of what pollution levels are acceptable for research activities by professional astronomers. Some of what I would complain about is rooted in aesthetics. Many readers may never have known a time where the heavens were pristine - sacred - unsullied by the actions of humans. The space between the stars as profoundly black as an abyss can be. With full horizons and a pure sky one could look out upon half of all creation at a time - none of which had any connection with the petty matters of man. Any lights were supplied solely by nature; uncorruptable by men. Whole religions were based on mortal man somehow getting up there and becoming immortal as the stars, whether by apotheosis or a belief in an afterlife. The Space Age changed all that. The effect of the first Sputniks and Echo, etc. on this view could only happen once. To see a light crossing the night sky and know it was put there by us puny people is still impressive and the sense of size one gets by assimilating the scales involved is also awesome - even if the few hundreds or thousands of miles involved is still dwarfed by the rest of the universe. But there is still a hunger for the pure beauty of a virgin sky. Yes, I know aircraft are almost always in sight. I have to live in a very populated area (6 miles from an international airport currently) where light pollution on the ground is ghastly. The impact of humans is so extreme here - virtually no place exists that has not been shaped, sculpted, modified, trashed or whipped into shape by the hands of man. In some places the only life forms larger than bacteria are humans, cockroaches, and squirrels (or rats). I visited some friends up in the Appalacian mountains one weekend, ""getting away from it all"" (paved roads, indoor plumbing, malls, ...) and it felt good for a while - then I quickly noticed the hollow was directly under the main flight path into Dulles - 60-80 miles to the east. (Their 'security light' didn't help matters much either.) But I've heard the artic wilderness gets lots of high air traffic. So I know the skies are rarely perfect. But there is still this desire to see a place that man hasn't fouled in some way. (I mean they've been TRYING this forever - like, concerning Tesla's idea to banish night, - wow!) I don't watch commercial television, but I can imagine just how disgusting beer, truck, or hemmorrhoid ointment advertisements would be if seen up so high. If ya' gotta make a buck on it (displaying products in heaven), at least consider the reactions from those for whom the sky is a last beautiful refuge from the baseness of modern life. To be open about this though, I have here my listing of the passage of HST in the evening sky for this weekend - tonight Friday at 8:25 p.m. EDT it will reach an altitude of 20.1 degrees on the local meridian from Baltimore vicinity. I'll be trying to see it if I can - it _is_ my mealticket after all. So I suppose I could be called an elitist for supporting this intrusion on the night sky while complaining about billboards proposed by others. Be that as it may, I think my point about a desire for beauty is valid, even if it can't ever be perfectly achieved. Regards, Wm. Hathaway Baltimore MD"
doc_0100,"Lack of build quality was the thing I notced on the first 2 LH's I saw months back. The panel gaps were large and non-uniform between the 2 cars I saw - the kind of thing you expect and accept on a Mustang - but not from Chrysler's savior. I drove one of the low end cars, and thought it was more than adequate. I'd prefer an LH to a Taurus from my brief experience. Craig"
doc_0101,"[...] Actually, according to the DA information posted by Sherri, Boggs is superior defensively to have. Here's their Defensive Averages for the last five years: [compared to average at 3b, AL] 1988 1989 1990 1991 1992 Boggs .643[+2] .659[+47] .550[-54] .653[+33] .634[+32] Hayes ------- .601[-40] .622[+18] .606[-14] .574[-28] If Hayes is a defensive standout at third, he's done a good job in disguising it. To put it another way, compared to an average third baseman last year: Boggs converted 11 more grounders into outs, turned 2 more double plays, and prevented 11 doubles. Hayes let 12 more grounders go by for hits, turned 6 more double plays, and prevented 4 doubles. -- Dale J. Stephenson |*| (steph@cs.uiuc.edu) |*| Baseball fanatic"
doc_0102,"Someone else said something similar. I will not comment on the value or lack of value of Elias's ""proposal"". I just want to say that it is very distressing that at least two people here are profoundly ignorant of Nazi racial doctrine. They were NOT like Elias's idea, they were more like the opposite. Nazis believed in racial purity, not racial assimilation. An instructive example is the Nazi attitude to Gypsies. According to Nazi theoreticians, Gypsies were an Aryan race. They were persecuted, and in huge numbers murdered, because most European Gypies were considered not pure Gypsies but ""mongrels"" formed from the pure Gypsy race and other undesirable races. This was the key difference between the theoretical approach to Jews and Gypsies, by the way. It is also true that towards the end of WWII even the ""purist"" Gypsies were hunted down as the theory was forgotten."
doc_0103,"Perhaps it's time to start rec.sport.baseball.graffiti, where the kiddies can go yell taunts and insults at each other and leave the rest of us in peace."
doc_0104,Rabin is the PM. Did he ever indicate such a wish? Try to implement it? I opt for the third. Ish
doc_0105,"Well the European Manta and US GT have entirely different bodies. There is little or no chance that they are the same. The Manta went through several generations as the coupe version of the Ascona and was OK in its time. Not true. The Kadett has been in and out of the US market over the years. The LeMans (old Kadett) is only the latest version. Craig Different Cars. One looks like a sports-car, the other is a coupe."
doc_0106,"You shouldn't think many Turks read Mutlu/Argic stuff. They are in my kill file, likewise any other fanatic. Well, Panos, Mr. Tamamidis?, the way you put it it is only the Turks who bear the responsibility of the things happening today. That is hard to believe for somebody trying to be objective. When it comes to conflicts like our countries having you cannot blame one side only, there always are bad guys on both sides. What were you doing on Anatolia after the WW1 anyway? Do you think it was your right to be there? I am not saying that conflicts started with that. It is only not one side being the aggressive and the ither always suffering. It is sad that we (both) still are not trying to compromise. I remember the action of the Turkish government by removing the visa requirement for greeks to come to Turkey. I thought it was a positive attempt to make the relations better. The Greeks I mentioned who wouldn't talk to me are educated people. They have never met me but they know! I am bad person because I am from Turkey. Politics is not my business, and it is not the business of most of the Turks. When it comes to individuals why the hatred? So that makes me think that there is some kind of brainwashing going on in Greece. After all why would an educated person treat every person from a nation the same way? can you tell me about your history books and things you learn about Greek-Turkish encounters during your schooling. take it easy! -- Tankut Atan tankut@iastate.edu"
doc_0107,"But of course, it is expected that umpires will show up players. Don't get me wrong, I understand the nature of the game, but I just believe that a little ego-ectomy for the umpires would make the game much better. Ted -- ""Social nags and body bags, make you dead, what a drag drag drag."" -- Saigon Kick, body bags, The Lizard"
doc_0108,">[I'm sort of mystified about how a Christian might respond to this.] I'll start with a parable. A Christian woman hires a carpenter to build her a birdhouse. When he comes over, they begin talking about religion. ""So you believe that you understand God?"" he asks. ""Yes, I do,"" she replies. ""Then have him build you the birdhouse."""
doc_0109,"Until six or seven years ago I was an enthusiastic fan of NFL football. Last year I hardly watched a game. What turned me off were the incessant interruptions to the continuity of the game. A team scores. 2.5 minutes of commercials. Kickoff. 1.5 minutes of commercials. Three downs and a punt. 2 minutes of commercials. AAAAARRRRGH! Earlier in this thread I commented on LaRussa and the A's, whom I believe institutionalize slow play. I don't mind the cat-and-mouse game with Rickey on first; in fact, I rather enjoy it. Similarly I would enjoy the battle with Listach or Lofton or Polonia on first. What I object to is when such games are played with Karkovice on first, or when the game is a blowout. I don't mind when the pitcher steps off the mound to gather his thoughts in a crucial situation, or when a hitter steps out of the box to regain his concentration. What I object to is when hitters and pitchers take such breaks at every opportunity. When a game is exciting, these little delays serve as tension builders and for me enhance the value of the experience of the game. When the delays happen with regularity, they become nuisances, just like the commercial breaks in football. I understand the NFL imposed a number of rule changes to ""speed up"" the games, basically putting an onus on the officiating staff to move the markers and the ball to the spots faster. That did not address the problem of the continuity of the game. It may have appeased the sponsors and the networks, but I would be amazed if it did anything to enhance the experience of the fans. Similary, while some 3-hour baseball games bore me to tears, those are the ones where there is no continuity and the players are taking exasperatingly long periods to get ready for each pitch. I doubt if anyone watching the Braves-Giants game cared about Gant stepping out. I doubt if anyone watching that game would have found that pause to be anything but an opportunity to have their complete attention claimed by the drama that was present. I would be totally opposed to any effort that would eliminate that aspect of baseball. On the other hand, I wish baseball had a commissioner that was powerful enough to sit down with Alderson/LaRussa/Duncan and explain that they are actually hurting the product of baseball by dragging their games out the way that they do. I sure wouldn't mind a little arm-twisting there. -- The Beastmaster"
doc_0110,"I define faith as ""belief, in the abscense(sp?) of evidence"". I also include in ""evidence"" past experiences. Because I have no past experience in a god actually having an effect on my life and because I have never seen evidence for any god beyond what can be explained without the neccessity of a god or which is more convincing than the many fictional works I have read (And other reasons), I do not believe in any god(s). From what I have seen, some people reconcile this lack of evidence by using faith. It is faith in that sense (the only way I _currently_ understand the word ""faith"") that I find intellectually dishonest. Pascal's wager goes something like this: Premise #1: Either there is or there isn't a God. Premise #2: If God exists, He wants us to believe and will damn us for not believing. Premise #3: If God does not exist, then belief in God doesn't matter because death is death, anyway. Conclusion: Belief in God is superior to non-belief because non-belief damns us to eternal punishment if we are wrong, while belief in God only wastes a little time in life if we are wrong. Sound pretty straightforward and is logically sound. The problem is, Premise #1 presupposes 1:1 odds between belief and non-belief. This is flat out wrong, because of the sheer number of religions out there and the fact that, for the most part, the religions are mutually exclusive. I have heard theists referred to as ""99% atheists"" because they believe in their god (or gods) to be the _one_ god (or set of gods). The consequence of this is ""what if I pick the wrong god?"" Suddenly, the odds don't look so good because picking the wrong god or wrong doctrines of a god still leaves you with the possibility of being wrong and being damned to another god's version of hell. I don't see how ""disillusionment"" enters into it. You see, I presented my mother's treatment of me to show the cause of my questioning my atheism, a questioning which continues to this day. I had already been an atheist for five years before having any contact with my mother's version of Christianity. If anything, I had become somewhat disillusioned with atheism (uh, oh, I thought, What if there *is* a God?). Yes, in a way, I have also become disillusioned by many religions, simply because I had thought at one time that they had all the answers, if I only found the right one. I'm still looking, but each time I look in a different place, I become a little stronger in my attitude (belief, if you will, no faith, though, it's based on the evidence of past experience) that I'll never find a religion which has all the answers. Sorta like looking for Easter eggs. The more time it takes you to find the next one, the more convinced you become that you may already have found all the eggs you're going to find. Someone else mentioned that critisism isn't going to make me think any more highly of Christians. I have a contrary position: Constructive critisism will likely improve my attitude towards Christians. Abusive critisism will turn me off. No accusations to you, Mr. Sapienza. I merely slipped that into this post because I forgot to reply to that one. Muppets and Garlic Toast forever. Max (Bob) Muir"
doc_0111,"| |> Religion (especially Christianity) is nothing more than a DRUG. |> Some people use drugs as an escape from reality. Christians inject |> themselves with jeezus and live with that high. | |Your logic is falty. If Christianity is a DRUG, and once we die we |die, then why would you be reluctant to embrase this drug so that |while you are alive you enjoy yourself. | Pardon the harshness that follows... Once, I told a cradle christian: Please do not take advantage of Jesus or anybody for the sake of your own (selfish) realization or search for true faith/religion/belonging/'being in'/fear of hell/vanity/etc. Instead of serving yourself, _we must be serving Him_. *Until you have comprehended this truth, you are only doing things for your own egoism.* Let us not use Jesus, our religion, the Bible, anything or anybody as a means of escape or getting ecstatic or high. We are God's children and we must have a true and authentic relationship with our Father with obedience, faith, hope and love and works (the last as the most important). Beware of our 'materialistic', 'worldly' and 'selfish' motives. Atheists have this ground against us and I believe they are right about *some* who call themselves 'christians'."
doc_0112,"Hi fellow auto enthusiasts! Does anyone have any info on the new 4 valve per cylinder diesels Mercedes is working on? Any specs on outputs, engine size, will they be direct or indirect injection?, etc. would be welcome. From what I hear these should be out late this year, next year?? Thank you in advance for your replies!"
doc_0113,"Dave - you might like to read a book by Florence Bulle ""God Wants You Rich & Other Enticing Doctrines"", which discusses OOBEs in one of her chapters. In the Bible we have examples of men caught up in the Spirit (eg Ezekiel, Paul). I believe that also this experience is counterfeited by Satan - so that for example yoga and other eastern medatitive techniques can be used to induce the soul to leave the body and float off. Someone tried to sell me a book in Los Angeles airport entitled ""Easy Journeys to Other Planets"" which uses such techniques. The occultic trance of a medium sometimes involves such body departure - the book ""The Challanging Counterfeit"", about a former medium who gets saved, tells how the author, on his last trance, was attacked by evil spirits who tried to kill him while returning to his body at the end of the seance because of his interest in Christianity and how he was supernaturally protected by the Lord. There may be some similarities in mind-altering drugs and the phenomena of 'tripping'. As regards the connection between body and soul, there is an interesting verse in Ecclesiastes. In a passage talking about old age, the preacher writes ""Then man goes to his eternal home and mourners go about the streets. Remember Him--before the silver cord is severed."" (12.5-6) My understanding of this silver cord is that it is something that attaches body and soul in a manner somewhat similar to an umbilical cord or an astronaut's air-line to his spaceship. When a person goes out of body this silver cord still attaches the soul whereever it goes - and is vulnerable to being broken: astral projection can be dangerous! Bulle, I think, reports a case of a yogi off on an OOBE who was found dead in his apartment, with no apparent external cause."
doc_0114,"After reading this story about St. Maria Goretti (posted two weeks ago), I am a bit confused. While it is clear that her daily life is one of probity and sanctity, I am afraid I don't quite understand the final episode of her life. I am reading it correctly, she (and the Church apparently) felt that being raped was a sin on _her_ part, one so perfidious that she would rather die than commit it. If this is the case I'm afraid that I disagree rather strongly. Can anyone out there explain this one to me? Yours in Christ,"
doc_0115,"Right. Most definitely. This may be the root of the confusion... Please consider the following hypothetical with an open mind. Note that I am *not* (yet) saying that it has anything to do with the question at hand. Suppose we have a simplified Lotto game. You pick a number from 1-10 and win if that number is drawn. Suppose we have a large population of people who play this game every week. In the first year of the game, approximately 1/4 of the population will win 7 or more times. In the second year of the game, 1/4 of those 7-time winners will again be 7-time winners. In the third year of the game, 1/4 of those who won 7 or more times in each of the first two years will win 7 again. Suppose I started with 1024 people in my population. After three years, I have 32 people who have consistently, in each of the last three years, won 140% or more the number of times expected. Do we expect them to be big winners in the fourth year of the game? No. Because we know there is no skill involved. Nothing about these ""consistent winners"" can influence their chances of winning. But suppose we *don't* know whether or not there is a chance that skill might be involved. Perhaps some of the people in our population are psychic, or something. How would we test this hypothesis? We can look for correlations in the population. Now most of the population will show zero correlation. But our psychics should show a high positive correlation (even if they aren't very good psychics, they should still manage to win 7 or more times most years). Net result? A small positive correlation over the entire population. Well, zero correlation is zero correlation. You mention that Sabo has hit poorly in the clutch over the last 3(?) years. But if we look at the past, we find that clutch patterns are just as likely to reverse as they are to remain consistent. The length of the streak doesn't seem to make a difference to the probability that the player will be clutch or choke the next year. Is there any reason to expect *this* streak to be different from past streaks? Now if it were true that ""75% of all three-year streaks remained true to form"", then we might have something useful. But then we wouldn't have zero correlation. Instead we have ""50% of all three-year streaks remain true to form, and 50% of all three-year streaks reverse"". You look at those numbers and say ""three year choke streak implies more likely to choke this year"". But it would be equally valid to look at those numbers and say ""three year choke streak implies more likely to be clutch this year"", since the probabilities are split 50-50 each way. Then we would have something useful. And we would also have a positive correlation. But for every individual that exhibits such a pattern and holds true, there is another who exhibits such a pattern and then reverses."
doc_0116,"It is 'Serdar', 'kocaoglan'. Just say so. The SUNDAY TIMES 8 March 1992 Morgues fill as Azeris head for all-out war ------------------------------------------- Thomas Goltz, the first to report the massacre by Armenian soldiers in the worst violence since the breakup of the Soviet Union, reports from Agdam ------ Khojaly used to be a barren town, with empty shops and treeless dirt roads. Yet it was still home to thousands of people who, in happier times, tended fields and flocks of geese. Last week it was wiped off the map. ....... As sickening reports trickled in to the Azerbaijani border town of Agdam, and the bodies piled up in the morgues, there was little doubt that Khojaly and the stark foothills and gullies around it had been the site of the most terrible massacre since the Soviet Union broke apart. ....... I was the last Westerner to visit Khojaly. That was in january and people were predicting their fate with grim resignation. Zumrut Ezoya, a mother of four on board the helicopter that ferried us into the town, called her community ""sitting ducks, ready to get shot"". She and her family were among the victims of the massacre on February 26. ....... ""The Armenians have taken all the outlying villages, one by one, and the government does nothing."" Balakisi Sakikov, 55, a father of five, said. ""Next they will drive us out or kill us all,"" said Dilbar, his wife. The couple, their three sons and three daughters were killed in the assault, as were many other people I had spoken to. ...... ""It was close to the Armenian lines we knew we would have to cross. There was a road, and the first units of the column ran across then all hell broke loose. Bullets were raining down from all sides. we had just entered their trap."" The azeri defenders picked off one by one. Survivors say that Armenian forces then began a pitiless slaughter, firing at anything moved in the gullies. A video taken by an azeri cameraman, wailing and crying as he filmed body after body, showed a grizzly trail of death leading towards higher, forested ground where the villagers had sought refuge from the Armenians. ""The Armenians just shot and shot and shot,"" said Omar Veyselov, lying in hospital in Agdam with sharapnel wounds. ""I saw my wife and daughter fall right by me."" People wandered through the hospital corridors looking for news of the loved ones. Some vented their fury on foreigners: "" Where is my daughter, where is my son ?"" wailed a mother. ""Raped. Butchered. Lost."" Azerbaijan has said as many as 1,000 refugees were killed as they tried to flee. The Armenians have denied this, saying the civilians were caught in ""crossfire"". ....... Are you idiot for real? 'After all, who remembers today the extermination of the Tartars?' (Adolf Hitler, August 22, 1939: Ruth W. Rosenbaum (Durusoy), ""The Turkish Holocaust - Turk Soykirimi"", p. 213.) You must be the only moronian left on the net to believe those ASALA/SDPA/ARF forgeries. What a clown... 'Kill Turks and Kurds wherever you find them and in whatever circumstances you find them. Turkish children also should be killed as they form a danger to the Armenian nation.' (Hamparsum Boyadjian - 1914)[1] [1] M. Varandian, ""History of the Dashnaktsutiun,"" p. 85. Serdar Argic"
doc_0117,"Well, I agree. I hope others chime in with suggestions on specific technologies which could be applied towards the maintenance of an Earth like atmosphere on a long-duration spacecraft. Tim et al: I think we should try looking at atmosphere first. This seems to be the single most fundamental issue in keeping anyone alive. We're all taught that when supporting a patient you look for maintaining airway. So, in keeping with my trauma training (and keeping my emergency medicine professor happy), I suggest that we look at the issues surrounding a regenerable atmospheric circuit. Howz that Tim?"
doc_0118,"Though this will be addressed in the series of articles I'm posting now under ""ARESNOKOITIA"", I can't wait. This just really blew my socks off. Read I Tim 1: 3-11. Verses 3-8 speaks against those who have perverted the teachings of the Mosaic Law. In vv.9-10, we have, *IN ORDER*, the 5th thru the 9th commandments and in the midst of this listing is ""homosexuals."" The decalogue, above everything else, is seen as God's absolute. If you don't believe in absolutes, then you have nothing do do with Jehovah of the OT, which Paul reveals to be the Messiah of the NT. ""Lord Christ Jesus"" transliterates to read ""Jehovah's Anointed Savior."" In I Cor5, we see the same emphasis of moral separation from the pagan gentiles as we do in Lev 18-20. In I Cor 6:9-10, only one notation (drunkards) is not found in Lev 18-20. Paul was not naive in his use of the LXX. He knew full well how he was using the Law of God that was given in the OT, for application in the NT. As I've said, the Law was fulfilled, not done away with. This understanding is thoroughly rebutted in DeYoungs article that is being posted. Please refer to it. We can do better than ""probably"" which is not an adequate defense against the statement that Paul's culture didn't have the same understanding of homosexuality as ours. Again read the article because it uses facts. I think I do, because I have worked in the homosexual community by means of working with AIDs patients. The pastoral is merely the practical application of the theological truth however. Those who are working thru the issue of homosexuality need to have our love and understanding just as with a friend who is contiplating cheating on his wife or a friend who lives with his girlfriend, yet you continue to witness to him. But, once the choice is made, and there is no remorse, then I feel that Paul's ""pastoral"" care, as presented in the Corinthian Church, come to bear significance. THe one in active rebellion should be placed outside of the church if a believer, and if a non-believer, then one wipes his sandels and leaves it in Gods hand. If there was a member in your youth group who was constantly pawing at the little girls, you wouldn't hesitate to deal with the matter quickly and decisivly. That, in part, betrays the present ""political correctness"" of the issue. Pederasty is not accepted at the present, but some how we are to accept homosexuality because the latter is politically correct, while the former is not -at least not yet. THis is how the morals decay. I guess this would follow the liberal application in the political realm of economics. The liberals want to tax the rich in the federal, yet in their own states, when they try to get businesses to settle there, they give tax incentives to these same richies. It comes down to a moral code of relativeness, or to use the cultural thing, politically correct -at the moment. --Rex"
doc_0119,"One last infield fly question that has always puzzled me and hasn't yet been addressed. I believe the rule also does *not* deal with this situation: If Infield Fly is declared and the ball is caught, runners can tag up and advance at their own risk, as on any fly ball. However, if the Infield Fly is *not* caught, at what point can a runner legally leave his base w/o fear of being doubled off for advancing too early? When the ball hits the ground? When a fielder first touches the ball after it hits the ground? Enlightenment would be appreciated."
doc_0120,Was that post for real? I thought it was a late April Fool joke. Some of it seemed a bit over the top even by McElwaine/Abian/etc standards :-)
doc_0121,"Monthly posting regarding the Buick Grand National / Regal T-Type mailing list. This list is for owners and other parties interested in the 82-87 Buick Grand Nationals, Regal T-Types, GNXs, and other turbocharged Regals. Discussions include technical information and parts sources. Particular emphasis is given to performance enhancements and racing. To join, or ask, about the mailing list, contact: gnttype-request@srvsn2.monsanto.com"
doc_0122,"Last night I had a dream that my dad bought a Viper. I took it out for a test drive, without his knowledge, and had to push it all the way home just to avoid a ticket. Wierd dream, I wonder what it means...."
doc_0123,"I missed the presentations given in the morning session (when Shea gave his ""rambling and almost inaudible"" presentation), but I did attend the afternoon session. The meeting was in a small conference room. The speaker was wired with a mike, and there were microphones on the table for the panel members to use. Peons (like me) sat in a foyer outside the conference room, and watched the presentations on closed circuit TV. In general, the sound system was fair to poor, and some of the other speakers (like the committee member from the Italian Space Agency) also were ""almost inaudible."" Shea didn't ""lead the formal presentation,"" in the sense of running or guiding the presentation. He didn't even attend the afternoon session. Vest ran the show (President of MIT, the chair of the advisory panel)."
doc_0124,"...deleted lines... As I live in Sweden I remember the day perfectly well. We changed side 1967-09-03 (or 03-SEP-1967). I don't remeber the exactly time but it was in the night. (in the 'big' cities like Stockholm & Gothenburg all trafic was forbidden, exept busses and taxis, during the whole weekend.) The day was a Sunday and everything was prepared in before. Before the day we was told to follow the yellow lines on the road and after it was the white one that matters. The signs with arrows on was prepared with a 'left mode' label that was torn off that night to reveal the new right mode arrow. The year after Iceland also changed. About cars: Before the H-day (H as in ""Hoegertrafik"". ""hoeger"" is Swedish and stands for 'right') practically all cars already had their steering wheels on the left side. Even the imported cars from UK had the wheel on 'the right side'. At last we have cars with the wheels on the right side. :-) More contries that uses the left side is: Japan Tanzania (I think) New Zeeland How about South Africa? BTW. Some sais that the left side is the right side because Ivanhoe and other knights meet at the left when they fight in tournaments. :-) ...deleted lines..."
doc_0125,"Exactly. C. S. Lewis has taken a couple of pretty severe hits in this group lately. First somebody was accusing him of being self-righteous and unconvincing. Now we are told that we Christians should be embarrassed by him. (As well as by Josh McDowell, about whom I have no comment, having never read his work.) Anyone who thinks that C. S. Lewis was self-righteous ought to read his introduction to The Problem of Pain, which is his theodicy. In it, he explains that he wanted to publish the book anonymously. Why? Although he believed in the argument he was presenting, he did not want to seem to presume to tell others how brave they should be in the face of their own suffering. He did not want people to think that he was presenting himself as some kind of model of fortitude, or that he was anything other than what he considered himself to be -- ""a great coward."" OFM has adequately handled the question of whether we ought to be embarrassed by Lewis' liar/lunatic/lord argument (which, by the way, is part of a *much* bigger discourse.) I would just like to add that, far from being embarrassed by Lewis, I am in a state of continual amazement at the soundness and clarity of the arguments he presents. - Phil -"
doc_0126,"Ah, but the illusion in football is that there is always lots of action and a sense of urgency because of the game clock (not all the time, but it happens when there's less than 5 minutes to go quite often). This sense creates drama, even when there may not necessarily be any and that holds a viewer's attention. In baseball, only 3 players are involved in the action for about (here comes a wild guess) 70% of the time? And they're just playing a sophisticated game of catch/hold-the-ball/step-out-of-the-box/adjust-chains/ touch-self-in-interesting-locations. There's a lot of ""dead time"" with the players warming up between innings or the manager visiting the pitcher at the mound or the manager removing the pitcher and bringing in a relief pitcher who then takes (8? 10?) pitches or Helen Dell playing the organ (Dodger fans will appreciate that one). To the non baseball junkie this is boring. At any rate, I'm not putting baseball down for this - I've been an avid fan since I can remember - it's just that watching a baseball game on T.V. at home can be tedious for the non baseball junkie. That's what Major League Baseball and the networks are trying to address when they talk of shortening the game. It's because of T.V. not because ""football has more action than baseball""."
doc_0127,"quoted for future reference... He believed one of two things: 1) Sabo was more likely than Samuel to get a hit OR 2) that more good would be done in the long run by leaving Sabo in regardless of the expectation of the actual outcome. In fact you don't know what Perez had in mind when he left Sabo in. In fact, I don't think anyone is claiming that they can predict the future, or any particular future event. But we can believe that certain trends are due to a cause (whether or not we have identified the cause) and therefore will continue. I think seeing insults in other people's opinions is kind of silly. After all, Mark didn't call you a total idiot, or call your work stupid, he simply stated that it didn't change his opinion on the subject. If player A hits better on Tuesdays and always has, and Mark believes that it might be an indication that he will hit on Tuesday better next season as well, would you respond the same way? At some point you might admit that all variable might not be known to you (who knows what this guy does every Monday night? Maybe he sees his sports shrink on Tuesday mornings, or has his Vitamin B shots Monday nights?) But this is something that's true of one guy only. It doesn't mean that there will be a meaningful correlation for the entire league by days of the week, nor that there should be. But it doesn't mean we can't make predictions based on that for that particular player. I only see a prediction for one player here. I don't see anything about ALL batters. That's exactly what Mark is trying to do though. Find hitters that have these correlation and ask whether we can make predictions for these hitters based on their past performance. Huh? What does gambler's fallacy have to do with anything? Whether you can know the reason for correlation or not, you can't deny that it has existent, you can only make an argument that you don't think it is likely to continue to exist because you can't see a reason for it to exist. Someone posted recently on why negative clutch would correlate. The argument along the lines of star player with L/R splits will always see an adverse condition in late innings of a close game (i.e. opposing manager will always bring in a AH pitcher to face him, where his manager will not pull him for a PH) What about you? If the shoe fits, will you wear it with an open mind?"
doc_0128,"I have been looking at buying a 1989 Jeep Laredo and was wondering if anyone had any bad or good experiences with this model. Is it all that much different than the other YJs? It looks, feels and sounds like a nice vehicle even thought the price is rather steep for an '89 (12K Canadian)."
doc_0129,"Bill says ... I presume the one you refer to is ""Space Sailing"" by Jerome L. Wright. He worked on solar sails while at JPL and as CEO of General Astronautics. I'll furnish ordering info upon request. The Friedman book is called ""Starsailing: Solar Sails and Interstellar Travel."" It was available from the Planetary Society a few years ago, I don't know if it still is."
doc_0130,"""Through a single data point, you can draw any line you want."" -- Dr. S. Bart Childs, Professor, Texas A&M Dept. of Computer Science Both my pastor's late model Corolla and my father's 1987 Stanza have demonstrated the ""falling door seals"" problem."
doc_0131,"The theory is that the hollering kills the spirit of the criminal/Nazi Armenians of the ASALA/SDPA/ARF Terrorism and Revisionism Triangle. Now, try dealing with the rest of what I wrote. What is more, the activities of the Armenian Government seem to have been efforts aimed at eradicating a race (the Turks) or aimed at carrying out a one-sided feud, instead of being a struggle for liberation. From the outset, the efforts of the Armenian revolutionaries within the Ottoman borders took the form of terrorist and destructive actions aimed at mass murder, cruelty and genocide, so that no other interpretation of them is possible. Armenian activities started during the reign of Abdulhamid II as individual acts of terror, and then developed into assassinations and surprise attacks. The element of brute force in these activities increased steadily, culminating in mass rebellions and widespread fighting during the First World War. Furthermore, when the Ottoman army withdrew from Eastern Anatolia after the 1915 Sarikamis defeat, Armenian revolutionaries initiated a series of cruelties in this area. Although the Russians occupied Eastern Anatolia as an enemy, nevertheless they were constrained by the rules of war. However, when they returned to their country in 1917 after the Revolution, Armenian revolutionaries were unchecked in this area for about a year until the Ottoman forces returned to Erzurum in 1918. During this period, Armenian revolutionaries executed massacres on the local people which is recorded in historical documents.[1] For example, let us look at a report dated 21 March 1918 which the Commander of the Third Army submitted when he entered Erzurum and Erzincan: ""They were completely and systematically destroyed and burned down by Armenians, even the trees were cut down, and they are like a building entirely consumed by fire in every sense of the word."" As for the people who had been living in Erzurum and Erzincan: ""Those who were capable of fighting were taken away at the very beginning with the excuse of forced labor in road construction, they were taken in the direction of Sarikamis and annihilated. When the Russian army withdrew, a part of the remaining people was destroyed in Armenian massacres and cruelties: they were thrown into wells, they were locked in houses and burned down, they were killed with bayonets and swords, in places selected as butchering spots, their bellies were torn open, their lungs were pulled out, and girls and women were hanged by their hair after being subjected to every conceivable abominable act. A very small part of the people who were spared these abominations far worse than the cruelty of the inquisition resembled living dead and were suffering from temporary insanity because of the dire poverty they had lived in and because of the frightful experiences they had been subjected to. Including women and children, such persons discovered so far do not exceed one thousand five hundred in Erzincan and thirty thousand in Erzurum. All the fields in Erzincan and Erzurum are untilled, everything that the people had has been taken away from them, and we found them in a destitute situation. At the present time, the people are subsisting on some food they obtained, impelled by starvation, from Russian storages left behind after their occupation of this area.""[2] Foreign observers who witnessed the events, including Russian Officers who did not desert their lines, submitted detailed reports proving the genocide to Ottoman commanders who received them as prisoners of war. What is most important is that they stated in their reports 'the massacres did not happen by chance but were planned.'[3] At the end of the war, the German author Dr. Weiss, his Austrian colleague Dr. Stein and his Turkish colleague Mr. Ahmet Vefik visited Trabzon, Kars, Erzurum and Batum between April 17th and May 20th 1918 to record the cruelties. Their writings not only show the scope of Armenian activities, but also reveal their goal and true nature.[4] [1] (The Ottoman State, the Ministry of War), ""Islam Ahalinin Ducar Olduklari Mezalim Hakkinda Vesaike Mustenid Malumat,"" (Istanbul, 1918). The French version: ""Documents Relatifs aux Atrocites Commises par les Armeniens sur la Population Musulmane,"" (Istanbul, 1919). In the Latin script: H. K. Turkozu, ed., ""Osmanli ve Sovyet Belgeleriyle Ermeni Mezalimi,"" (Ankara, 1982). In addition: Z. Basar, ed., ""Ermenilerden Gorduklerimiz,"" (Ankara, 1974) and, edited by the same author, ""Ermeniler Hakkinda Makaleler - Derlemeler,"" (Ankara, 1978). ""Askeri Tarih Belgeleri ...,"" Vol. 32, 83 (December 1983), document numbered 1881. [2] ""Askeri Tarih Belgeleri ....,"" Vol. 31, 81 (December 1982), document numbered 1869. [3] From Twerdo-Khlebof's report dated 29 April 1918; quoted in Ermeniler ..., Vol. 2, p. 275. [4] A. R. (Altinay), ""Iki Komite - Iki Kital,"" (Istanbul, 1919), and, ""Kafkas Yollarinda Hatiralar ve Tahassusler"" (Istanbul, 1919). Serdar Argic"
doc_0132,"i have a question for you all related to this. jesus condemns divorce several times in the new testament, and i have a hard time with this. the catholic church (as far as i can tell) does grant annulments with the statement that the marriage never really existed in God's eyes. (please, if i am mistinterpreting, correct me.) however, i have witnessed marriages where two people were very much in love but recognized that they were destroying themselves and each other by staying in a marriage, and that the problems were due to personal childhood issues that had never been resolved. i ask you, is divorce justified in such a case? they knew who they were, what they were doing, they were deeply in love, but in the end, it did not work out. i must admit that i don't see jesus forcing them to live together, or even condemning that they go and seek happiness with someone else later on. opinions? vera ******************************************************************************* I am your CLOCK! | I bind unto myself today | Vera Noyes I am your religion! | the strong name of the | noye@midway.uchicago.edu I own you! | Trinity.... | no disclaimer -- what - Lard | - St. Patrick's Breastplate | is there to disclaim? *******************************************************************************"
doc_0133,"Now we have strong evidence of where the CPR really stands. Unbelievable and disgusting. It only proves that we must never forget... !!!!!!!!!!!!!!!!!!!!!!!!!!!!!!!!!!!!!!!!!!!!!!!!!!!!!!!!!!!!!!!! Not so unconventional. Eugenic solutions to the Jewish Problem have been suggested by Northern Europeans in the past. Eugenics: a science that deals with the improvement (as by control of human mating) of hereditory qualities of race or breed. -- Webster's Ninth Collegiate Dictionary. This is nothing more than Feisal Husseini's statement that the Zionist entity must be disolved by forcing it to ""engage"" the surrounding ""normal"" Arab society. ""a strong mixed stock"", ""integration of Israeli society into the Middle East in a graceful manner,"" these are the phrases of Nazi racial engineering pure and simple. As if Israeli society has no right to exist per se! ""the continued existance of a specific Jewish People overrides any other consideration, be it human love, peace of human rights."" Disolve the Jewish People and protect human values such as love and peace; yes ve have heard this before Her Himmler. Notice how the source of the problem seems to be accruing to the Jews in this analysis. Ya, Der Spiegal ist a gut sourcen... Nice attempt to mix in a slam against U.S. aid to Israel. Critical comment: you can take the Nazi flag and Holocaust photos off of your bedroom wall, Elias; you'll never succeed. -- Chris Metcalfe !!!!!!!!!!!!!!!!!!!!!!!!!!!!!!!!!!!!!!!!!!!!!!!!!!!!!!!!!!!!!!!!!!!!"
doc_0134,"know he now. And Michael Jackson, Jack Nicholson, and Bill Cosby wouldn't be making near as much money if they weren't entertainers. So what's your point? for a hurting. Will they? You can't usually take away one of the team's best players and still expect them to win. Or do you think the Pirates will continue to win without Barry Bonds. athletic working So. Again, Jack Nicholson gets paid much more than most hard working citizens (and much more than Rickey Henderson for that matter). when the million--also, The reason the latter often happens is that many of these folks start making the real big salaries late in their career, when they are on the decline. (There are exceptions, of course. Dave Parker fell apart after making his first million because he put most of that million up his nose.)"
doc_0135,"The O's just lost to the Rangers a few minutes ago I was not too happy about the pitching of Rick Sutcliffe (6 runs in 6 innings, 5 in the 3?) This puts me in remembering the 1990 O's season. After '89 we didn't do much over winter and we wound up in 5th. Now I know that Mussina, McDonald, and Rhodes are better pitching prospects than Ballard and Milacki but are any other Oriole fans scared out there? Admiral Steve C. Liu"
doc_0136,"The most current orbital elements from the NORAD two-line element sets are carried on the Celestial BBS, (513) 427-0674, and are updated daily (when possible). Documentation and tracking software are also available on this system. As a service to the satellite user community, the most current elements for the current shuttle mission are provided below. The Celestial BBS may be accessed 24 hours/day at 300, 1200, 2400, 4800, or 9600 bps using 8 data bits, 1 stop bit, no parity. Element sets (also updated daily), shuttle elements, and some documentation and software are also available via anonymous ftp from archive.afit.af.mil (129.92.1.66) in the directory pub/space. STS 56 1 22621U 93 23 A 93105.58333333 .00090711 00000-0 25599-3 0 249 2 22621 57.0029 144.8669 0004136 304.2989 134.3206 15.92851555 1179 1993 023B 1 22623U 93 23 B 93103.37312705 .00041032 00000-0 11888-3 0 86 2 22623 57.0000 155.1150 0004422 293.4650 66.5967 15.92653917 803"
doc_0137,"Neil Gehrels is Prof. Tom Gehrels son. Tom Gehrels was the discoverer of P/Gehrels 3 (as well as about 4 other comets - the latest of which does not bear his name, but rather the name ""Spacewatch"" since he was observing with that system when he found the latest comet). --------------------------------------------- Jim Scotti {jscotti@lpl.arizona.edu} Lunar & Planetary Laboratory University of Arizona Tucson, AZ 85721 USA"
doc_0138,"^^ I think you mean late '60s. The biggest change that Porsche undertook to alter the tailhappieness of their baby was way back in August 1968 (for the '69 model year) when they stretched the wheelbase. Besides, some people actually _KNOW_ how to take advantage of oversteer, and enjoy it. ^^^^^ ^^^^ ^^^^ You should have seen what Phil Hill (_*WORLD CHAMPION*_) had to say about the Vette's he's driven. ^^^^^ ^^^^ ^^^ Yeah, that was what he said. :-) Paul Frere agreed. They both prefered the Porsche (modified by Ruf) to either of the Vette's at that test."
doc_0139,"When is it did you say? Well let me shell out here and run this handy dandy program.... $ mlb -m pit phi And the answer is: Monday, 5/10 Pittsburg at Philadelphia (5:35 pm) Tuesday, 5/11 Pittsburg at Philadelphia (5:35 pm) Wednesday, 5/12 Pittsburg at Philadelphia (5:35 pm) Friday, 6/25 Philadelphia at Pittsburg (5:35 pm) Saturday, 6/26 Philadelphia at Pittsburg (5:05 pm) Sunday, 6/27 Philadelphia at Pittsburg (11:35 am) Friday, 7/30 Pittsburg at Philadelphia (5:35 pm) Saturday, 7/31 Pittsburg at Philadelphia (5:05 pm) Sunday, 8/ 1 Pittsburg at Philadelphia (11:35 am) Monday, 9/27 Philadelphia at Pittsburg (5:35 pm) Tuesday, 9/28 Philadelphia at Pittsburg (5:35 pm) Wednesday, 9/29 Philadelphia at Pittsburg (5:35 pm) Thursday, 9/30 Philadelphia at Pittsburg (5:35 pm)"
doc_0140,"Years ago I grabbed the following from the net - maybe from this newsgroup. Does anyone know of a source for whether this is an accurate quote? Thanks! Bartletts leaves out the homosexual lines, but they were one of the groups the Nazis tried to exterminate. === In Germany, they first came for the communists, and I didn't speak up because I wasn't a communist. Then they came for the jews, and I didn't speak up because I wasn't a jew. Then they came for the trade unionists, and I didn't speak up because I wasn't a trade unionist. Then they came for the homosexuals, and I didn't speak up because I wasn't a homosexual. Then they came for the catholics, and I didn't speak up because I was a protestant. Then they came for me --- but by that time there was no one left to speak up."
doc_0141,"I think there is another formula for ERA. I heard something about it last year. Im not sure what it is, but im gonna give it a stab. It allows for a pitcher to pitch more than 9 innings at a time and not benefit, cuz it uses outs recorded instead of innings pitched... ERA = (ER*27)/outs recorded Like i said, im not sure this is exactly it, but im pretty sure they changed it to something of the sort."
doc_0142,"You haven't been facing major league pitching. Maybe more... you have to be good at the plate, and most STATS did a little study in the 1993 Scoreboard book entitled ""Can you hit sacrifice flies on purpose?"" A summary of the findings: Over the 5 year period, sac-fly type fly balls were produced 17.6 percent of the time in situations where a sac fly was useful, and 17.7 percent of the time when a sac fly wasn't useful. They looked at the leaders in sac flies, and found that the leaders in sac flies - in other words, the guys you would expect to be good at it it - hit sac fly type fly balls only 3% more often when they needed to - a difference way too small to be the result of a skill. Essentially, the players who hit a lot of sac flies seem to do so because they hit hit sac fly type flies often, with and without a runner on third. STATS concludes ""So it appears conclusive that hitters cannot hit sacrifice flies on purpose - even if they practice in the bATTING cage."""
doc_0143,"Hmmm. Here's food for thought: "" ...but rather be in fear of him who can destroy both soul and body in gehenna."" Math 10:28"
doc_0144,"According to a LoJack representative I saw recently, LoJack must be installed by an authorized LoJack dealer, and is placed in one of (roughly) 30 spots in the car..."
doc_0145,"Sandberg is not particulary known for his stolen bases. What competition did Alomar have? Sandberg came in a year after Ripken, and the same year as Boggs, Gwynn, and the other magicians. So less attention was given to Sandberg. Alomar is the only one in his class to be worth a mediocre. Besides the numbers don't count. National league pitchers are much better pitchers. Larry on someone elses account --"
doc_0146,"A listmember (D Andrew Killie, I think) wrote, in response to the suggestion that genocide may sometimes be the will of God: > Any God who works that way is indescribably evil, > and unworthy of my worship or faith. Nobuya ""Higgy"" Higashiyama replied (as, in substance, did others): > Where is your source of moral standards by which you judge God's > behavior? It is often argued that we have no standing by which to judge God's actions. Who is the clay to talk back to the potter? But we find a contrary view in Scripture. When God proposes to destroy the city of + Suppose that there are some good men in the city. + Will you destroy the righteous along with the wicked? + Far be it from you, Lord, to do such a thing! + Shall not the Judge of all the earth do right? I am told that the Hebrew is actually a bit stronger than this, and can perhaps be better rendered (dynamic equivalence) as + Shame on you, Lord, if you do such a thing! There are those who say that the definition of ""good"" is ""whatever God happens to want."" But if that is so, then the statement that God is good has no meaning. It simply says that God does what He wants. That being the case, no one can either love or obey God because He is good. The only motive left for obeying Him is that He is powerful. Just as it makes sense to obey a dictator, even when he tells you to round up all Jews and exterminate them, because if you defy him you might end up in the gas chamber yourself, so it makes sense to obey God, because He has the power to punish you if you don't. This ethical theory I take to be in radical contradiction to Genesis 18 and to Christianity in general. Any theory that makes our moral judgements worthless makes any further discussion of morality (or of the goodness of God) meaningless. However, it does not follow that our moral judgements are always infallible in particular cases, still less our judgements in particular cases about the course of action most likely to achieve a good result. When I read the Scriptural accounts of the actions of God in history, those actions often seem to me very different from what I might expect of a God who loves us and desires what is best for us. Moreover, leaving the Scriptures aside, and considering the natural world, I find that Nature is often very different from what I might ""Those who believe that the Author of Nature is also the Author of the Scriptures must expect to find in the Scriptures the same sort of difficulties that they find in Nature."") Now, that some such difficulties should exist is not in itself an argument against the existence, power, wisdom, and goodness of God. On the contrary, their ABSENCE would be such an argument. Suppose that I am watching Bobby Fisher play chess, and suppose that every time he makes a move, I find myself nodding and saying: ""Good move! Just what I was expecting him to do. Same move I would have made if I were playing."" That would be a sign that Fisher is no better a chess player than myself. Given that he is better, I expect that at least some of his moves will have me thinking, ""Now, what do suppose induced him to do that?"" or even, ""Boy, that was a real slip -- he's just thrown the game away!"" Similarly, if God understands the workings of the universe better than I do, it is to be expected that sometimes it will look to me as if He has made a mistake. One difference between Fisher at the chessboard and God at the controls of the universe is that I can see the end of the chess game. If Fisher wins, I revise my earlier inference that it was carelessness that made him lose his queen 23 moves earlier. However, if he loses, and particularly if I can see that there was a time when he had an opportunity for a checkmate in two moves and did not take it, then I know that he is not as good a player as I had thought. With God, on the other hand, I shall not in this life see the total result of some of His actions. Therefore, my grounds for judging that I have seen a bad move on His part must always be far shakier than my grounds for making a similar judgement about Fisher. ***** ***** ***** ***** ***** In the book of Genesis, we read that Joseph's ten older brothers, who (with good reason) found him insufferable, conspired to sell him into slavery in Egypt. There he eventually became Viceroy, and when there was a famine in Canaan, he was able to provide for his family. When his brothers nervously apologized, he told them: ""Do not worry. You meant to do me evil, but God turned it into good."" The history of the Jews is largely a history of events that look like catastrophes that threaten the continued survival of the religion, or the people, or both. But, amazingly, those events turn out to be the saving of the Jews and of Judaism. The sale of Joseph by his brothers looked like the breakup of the family. But in fact, it ended with a reconciliation of the quarrel between them. The famine that drove the family out of Canaan looked like a misfortune for them. But in fact, if they had stayed in Canaan, they would almost certainly have intermarried with the Canaanites and been assimilated into their culture. Their oppression by the Egyptians a few generations after their arrival in Egypt again looked like a disaster. But God used it to bring them out of Egypt, and into the Promised Land. Here the people built a Temple, and regularly offered sacrifices. But the Babylonians captured Jerusalem and Judea, destroyed Temple and city and countryside, and deported most of the people to Babylon. You might have thought that that would be the end of the people and the religion. But it was not. Living in Canaan, the people had been under constant danger of assimilation. Again and again, they had turned from the worship of the LORD to the worship of the Canaanite fertility cults, with their ritual prostitution and ritual human sacrifice. The Babylonian captivity put a stop to that. Never again did the Jews show any interest in polytheism or idolatry. Neither the worship of the Canaanites mor that of the Babylonians ever again had a foothold among them. Nor is that all. Judaism had been in danger of becoming simply a system of sacrifices and Temple observances. The only prescribed acts of worship consisted of coming to Jerusalem every so often and offering a sacrifice. During the Captivity, with the Temple gone, the Jews invented the synagogue, a place of meeting for reading and study and discussion of the Scriptures. They came to realize clearly, what they were in danger of forgetting while they continued to live in Judea, that God is not simply a local or tribal deity, not just the controller of the land of Canaan, or the patron of the Jewish people, but the Creator of the world, and the Ruler and Judge of all humans everywhere. Time passed, and the Babylonian Empire was replaced by that of the Persians, and then that of the Greeks, or rather the Macedonians. The ruler, Antiochus Epiphanes, was determined to stamp out Judaism, and to this end he made the reading and the study of the Torah punishable by death. Again, one might think that this would be the end of Judaism. But it was not. The people met for worship, and instead of reading the Torah portion appointed for the day, they would read some passage from the prophets that had a similar theme, and then discuss that. Before this time, the Torah, the so-called Five Books of Moses (Genesis, Exodus, Leviticus, Numbers, and Deuteronomy) were the only books read and studied in the synagogue. If it had not been for Antiochus, the books of the prophets would probably have been forgotten altogether. His hatred for Judaism saved them. [Other examples here omitted for brevity's sake.] Some of you may remember that Julie Andrews first became famous as Eliza Doolittle in the stage production of MY FAIR LADY. When Warner Brothers undertook to make a movie of it, everyone expected that Julie, who had been so magnificent on stage, would play the same role in the movie. Instead, the studio decided to go with an established screen star, and cast Audrey Hepburn. Julie Andrews was naturally crushed. But she later realized that if she had played the screen role, she would have been type-cast for life as an Elize Doolittle type. It would have been a disaster for her. As it was, Walt Disney offered her the role of Mary Poppins, and she won an Oscar for it. At the presentation, she stood there, smiling, and looking at Walt Disney, she said, ""And now, my special thanks to the man who made all this possible -- JACK WARNER!"" It was the most memorable line of the evening. In a similar spirit, we Jews might thank the men who in the providence of God have preserved Judaism, and kept it alive to this day, beginning with Joseph's brothers, and continuing with two Pharaohs, with Nebuchadnezzar, with Antiochus Epiphanes.... After the formal meeting had broken up, one woman came up to him privately and said, ""You were talking about the Holocaust, weren't you?"" He answered, ""If that is an example that came to your mind, then you are right, I was talking about it to you. But I would not talk about it to everyone, for not everyone can bear it."" I assume that he meant that, without the Holocaust, there would have been no state of Israel. Someone hearing the rabbi's lecture might leap to the conclusion that God is dependent on the wickedness of men to accomplish His purposes -- or at least that the rabbi thought so. He might then go on to suppose that the wickedness is in fact God's doing -- that He stirred up Joseph's brothers to a murderous hate against him, and that when the Israelites were in Egypt, God hardened Pharaoh's heart, so that he oppressed the people, and would not let them go. And this raises questions about how an action can be considered wicked and at the same time be considered something that God has brought about. I suggest another way of looking at it. Consider a sculptor who has a log of wood from which he proposes to carve a statue. But the log, instead of having a smooth even grain throughout, has a large knot that spoils the appearance of the surface. The sculptor considers the wood for a while, and then carves a statue that features the knot, that makes that particular interruption in the grain and color of the wood correspond to some feature of the statue, so that observers will say: ""How fortunate the sculptor was in finding a piece of wood with a knot like that in just the right place. Its presence is the crowning touch, the thing that makes the statue a great work of art."" In reality, the knot, far from being what the sculptor was looking for, was a challenge to his skill. If the wood had not contained that flaw, he would still have made a great work of art, but a different one. So, if Joseph's brothers had not sold him, God would still have brought about His purposes for the Jewish people, but He would have done so in another manner. If Judas had not betrayed Jesus, if Caiaphas and his fellow leaders had not rejected Jesus, but had rather acknowledged Him as the Annointed of God, if Pilate had followed his conscience rather than his fears and had set Jesus free, it might appear that there would have been no Crucifixion, and therefore no Redemption, and therefore no Salvation. Not so. God did not need Judas' sin to redeem us. If Judas had done right, then God in Christ would still have reconciled the world to Himself. We do not know how, just as we do not know how Michelangelo would have painted the Sistine Chapel if its interior had instead been shaped like Grand Central Station, and just as we do not know how Bobby Fisher would have won his fourth game agianst Spassky if Spassky had refused the exchange of bishops and had attacked Fisher's knight instead (don't bother to look up the game in question--I am making up this example, but the point is none the less valid). Thus, we may say both (1) that God used, say, the cowardice of Pilate to accomplish His purposes, and (2) that the said cowardice was not God's doing, and that Pilate would not have thwarted God's plans by behaving justly and courageously. What, then, are we to make of the place where God says to Moses, ""I will harden Pharaoh's heart, so that he will not let the people go""? Some Christians have taken this to mean that Pharaoh was a puppet with God pulling the strings, and that his stubbornness and cruelty were not his own work, but the work of God in him. I suppose rather that what God was telling Moses was something like this: ""If you see that Pharaoh is not willing to let the people go, do not be discouraged, or suppose that the situation is out of my control. My purposes will not be thwarted. If Pharaoh chooses to hear you and let the people go, well and good. If he does not, I will fit his resistance into my plans, and fit it so perfectly that future historians and theologians will suppose that I would have been thrown for a loss if Pharaoh had obeyed me."" To return to the question that started this all off. Is it possible that the Serbs, in slaughtering the Moslems of Bosnia, are instruments of God's will? First point. What they are doing is wrong, just as what Joseph's brothers did was wrong, just as what Judas did was wrong. They intend it for evil. If God somehow brings good out of it, that does not make them any less subject to just condemnation and punishment. Second point. Of course, God will bring good out of it. But not the same good that He would have brought if the Serbians had refrained from the sins of robbery and rape and murder. Nor does the good He purposes excuse us from the duty of doing what is right."
doc_0147,"I've been to three talks in the last month which might be of interest. I've transcribed some of my notes below. Since my note taking ability is by no means infallible, please assume that all factual errors are mine. Permission is granted to copy this without restriction. Michael Sternberg, Cheif of Operations of RIMSAT, was invited to speak at an informal lunch held by ACDIS here on the campus of the University of Illinois. ACDIS is an organization on campus that deals with Arms Control, Disarmament and International Security. RIMSAT was considered an appropriate topic because the company is using Russian launchers and satellites. I think it also helped that his daughter is a grad student in the International Relations program. The concept behind RIMSAT apparently began when Matt Neilson (?) went to Tonga to visit a friend. While he was there, he somehow ended up visiting the king, who happened to be a big TV fan. Matt bought the King a satellite dish, which the king thought was really nifty. Since Tonga has a GNP of about $70 million, His Majesty asked if there was any way to make money off this. Matt thought there probably was, so at his suggestion, Tonga applied for 31 geosynchronous satellite slots. While this isn't entirely off the wall, it was very unusual, seeing as Tonga was a tiny kingdom with no space program, and 31 is a lot of slots. The whole thing was debated in the appropriate regulatory agency and Carl Hilliard (who is apparently a respected space lawyer) wrote several opinions supporting Tonga's case. Eventually Tonga ended up with 7 slots, ranging from 70 E to 170 E (slots are designated by the longitude over which they reside). According to Sternberg, four of these, from 130 E to 142 E are the best in the world because they are excellently placed for communications between Hawaii and the Pacific Rim. RIMSAT was formed to use these slots. It was officially formed in Nevis as a tax haven. They tried for a few years to raise funds in the west, however, to fill 7 slots with western satellites launched on western launchers would have cost approximately $2 billion. It's not easy to raise that kind of money. Eventually, they hit upon the idea of using Russian hardware. They began negotiating with Glavkosmos for hardware. Mr Sternberg describes operating in Moscow in such harsh terms that I don't think I'll visit there for a long time. Besides a significant lack of creature comforts, he was not happy with the way that people operate. For example ""everybody can sell you everything."" Everyone can show the proper documents and licenses that indicate they are the only ones who have the authority to sell what ever you want to by. Eventually, RIMSAT arranged a deal with Glavkosmos for 6 satellites at a cost of $150 million. However, Glavkosmos lost favor after the coup. Sternberg says that this is because they were basically a bunch of KGB operatives who went to trade shows and picked up lots of brochures. Since Glavkosmos was out of power, he had to renegotiate the deal with the new authorities. He again described life in a Moscow hotel in rather unfavorable terms. Eventually, he worked out a deal and on Dec 4, 1992 he met with Koptev, who heads the Russian space program, to sign the deal. Koptev insisted on a few concessions before signing and according to Sternberg he arranged these new rules to allow himself to form another company to do the exact same thing as RIMSAT. The next step was to meet with the builders of the hardware, NPO Applied Mechanics -- NPO PM to use their acronym. This organization is located in Siberia (can't figure out how to spell the town, I need an atlas) and has built about 1500 vehicles since the dawn of the space age. Sternberg commented that siberians are very different from Musovites. They are hard workers, honest people who team up to get things done, very much like midwesterners. At this point there were some comments from the audience that agreed with his opinion on both siberians and midwesterners :-) Sternberg had lots of good things to say about NPO PM. His company is apparently lookng for $100 million to invest in the firm to become 50% partners.It apparently costs the Russians about $4 million to build a satellite that would sell for $50 million in the west. If you want to give them specifications, they'll build you a satellite. For the particular satellites that RIMSAT will be using, costs run about $378,000 per transponder year. This compares to $810,000 t/y in the U.S. They can sell their time for about $1.1 million compared to $2.6 million in the U.S. RIMSAT will launch their satellites on Protons. To get the best prices, they bought in bulk. They have the rights to twelve launches, so if any of you need a lift I can give you their address. The first launch is scheduled for October and they are getting one used satellite from the Russians, which is being moved into place now. Tidbits: * Sternberg says this kind of thing has to be done by entrepreneurs, not big business because big business is just like what they have over there, except that ""we have better paper, both in the bathroom and in the copier."" * Russian launches are self insured. The promise to replace a failed launch within 9 months. * Major investors in RIMSAT include Russell 20/20, which is a huge retirement fund organization, Cellsat, which is a big telecom business in southeast Asia, and a fund operated by some of the big names in U.S aerospace which he says is sort of an insurance policy for them if this really takes off. * He downplayed the instabilites in the ex-USSR saying that we are worried partly because we aren't used to seeing Russia as anything but an unvarying monolith. Italy gets a new government ""every two weeks"" but we don't worry because we're used to it. He predicted that once we get used to seeing what really goes on in Russia we won't worry about their stability as much. * Part of the problem with cooperative ventures is the problem of transfering money. The central bank has a policy of taking hard currency payments, putting 25% in their coffers and replacing the rest with the ""equivalent"" value in rubles. To get around this, RIMSAT pays their hard currency into an Austrian bank account. NPO PM then pays their contractors with foreign currency so that the only the contractors get swindled by the government. * One of the big problems RIMSAT has had is stonewalling by the western satellite industry. However, Intelsat recently bought three of the same type of satellites, which was rather reassuring. * The biggest worry most people have about russian satellites is the primitive technology and shorter lifetime. The older Gorizont (Horizon) satellites have a lifetime of about 5 years, while the more modern Express satellites compare well with western technology and last about 8 years. While this is much shorter than 15 years for western satellites, Sternberg downplayed the difference. At these prices they can afford to launch new ones. In addition, shorter lifetimes mean that they can replace their equipment with newer technology so they will be able to compete better than older, out of date hardware."
doc_0148,"David Vergolini writes Yeah, if the Tigers can keep scoring 20 runs a game. If I'm reading all this woofing correctly, one midseason slump is going to pull this team out of contention. Like Yogi says, I'll believe when I believe it."
doc_0149,"From another not-so-distressed-but-still-wondering-about-a-few-things Cardinal fan: He's not the greatest - this is true. I saw it. Lankford was hurt, although the announcer said he told Torre he could pinch hit if they needed him to. I wondered the same thing. But giving Joe the benefit of the doubt, I'd say he was thinking that Lankford is hurt enough that he didn't trust his ability to bat effectively but he wants his speed on the bases so pinch run him. Alicea I was completely confused about. Maybe he had a good record hitting against that particular pitcher? I don't know. Anybody got an idea? Well, so far I haven't seen much to say Whiten shouldn't be playing but it is too bad that Gilkey is the odd man out when they play Jordan ahead of him. That I don't quite understand. Yup, I looked for this on the replay too. If I'm Joe Torre, I'm going to have a talk with Bucky after the game on that one. He's got Lankford at third with Todd Zeile I believe - a hot hitter - coming up - there's no reason to risk giving Lankford the go sign in that situation unless he was sure the ball is going to the stands. It's his job to watch the play develop - he should have known Larkin was there to back up a bad throw. That seemed inexcusable in my book. BTW, I saw Dent do the same thing last year with Zeile rounding third and going into a sure out at home in a critical situation. On the replay, there's Dent waving him around. It looks like this might be a serious problem. The Card's weren't good base runners at all last year and I wonder how much of the fault lies in the base coaching. Well, I'm still hanging in there. GO REDBIRDS!! WOOF, WOOF!!! Dick Detweiler"
doc_0150,"Hell, the Orioles' Opening Day game could easily be the largest in history if we had a stadium with 80,000 seats. But unfortunely the Yards (a definitely excellent ballpark) only holds like 45,000 with 275 SRO spots. Ticket sales for the entire year is moving fast. Bleacher seats are almost gone for every game this year. It's a extremely likelyhood that the O's could sell out every game this year (especially if we lead the division for most of the year like '89). On another front, the sale of the Orioles to anyone is likely to be forced upon Eli Jacobs who is major debt apparently. Maybe we can get an owner willing to spend on a proven rightfielder free agent in the winter. Fernando has made the O's as the fifth starter. The O's pitching staff looks pretty good. Sutcliffe, Mussina, McDonald, Rhodes, and Fernando. Baltimore is my pick for the victors in a very competitive AL East. __________________________________________________________________________ ~~~~~~~~~~~~~~~~~~~~~~~~~~~~~~~~~~~~~~~~~~~~~~~~~~~~~~~~~~~~~~~~~~~~~~~~~~ Second to last day of the season - Gregg (The True Wild Thing) Olson uncorks a wild pitch allowing the Blue Jays to tie. Blue Jays win in the 11th and ends the Baby Birds' miracle season of '89."
doc_0151,"Israeli nationalism (also known as Zionism) is the nationalism of the Jewish people. The Jewish people are not a new phenomenon at all. Palestinean nationalism is the nationalism of Arab people. Arabs have been around for a long time. They already have some 2 dozen states, large and small, covering 98% of the Middle East. More specifically, Palestinean nationalism is the nationalism of Arabs from the region of Palestine, just as Egyptian nationalism is the nationalism of Arabs from the region of Egypt. One Palestinean state already exists in what was once known as Palestine: - it is called Jordan. There is no justification in carving out a second and tiny Palestinean state out of the only Jewish state, itself very, very small, just as there is no justification in carving out another American state out of Mexico."
doc_0152,"Terms are being used in a loaded way here. ""Logical proof"" is an extremely messy thing to apply to real life. If you think otherwise, try to construct a proof that yesterday happened. Obviously it did; anyone old enough to be reading this was there for it and remembers that it happened. But *proof*? A proof starts with axioms and goes somewhere. You need axioms to talk about logical proof. You can say that you remember yesterday, and that you take as axiom that anything you clearly remember happened. I could counterclaim that you hallucinated the whole thing. To talk about proofs of historical events, you have to relax the terms a bit. You can show evidences, not proofs. Evidences of the resurrected Jesus exist. Proofs do not."
doc_0153,"According to a Software engineering professor here, what was actually rated level five was an ibm unit which produced part of the software for the shuttle, by not means all of it. Interesting note: 90% of the software development groups surveyed were at level 1. The ibm shuttle groups was the *only* one at level 5!"
doc_0154,"Repeat a lie often enough and people will start to believe it, eh? The Hamas terrorists were given the opportunity to appeal. They've chosen not to, obviously because they get better propaganda mileage out of refusing. Israel also agreed that they could return immediately, provided they agreed to stop killing Jews. Their refusal speaks for itself."
doc_0155,"From article <1993Apr21.190251.14371@sequent.com>, by troy@sequent.com (Troy Wecker): . . . . . . It sounds like your analysis is based on hypothesis and not actually using the Valentine-1. I'd like to give some feedback based on real life experince. I keep the Valentine-1 in advanced logic mode and it rarely lights up as a Christmas tree. The only time it does is when I am in the middle of a major shopping area and then it makes sense that is does since there are >= 8 sources coming from many different directions. I have found the Valentine-1 to be consistent in its reporting of bogeys regardless of any moving cars in the area. I have found the directional indication to be very useful. In one case there was two radar traps set up within one mile of each other. As I passed the first radar trap, the direction indication changed. Then the detector was set off again pointing in the forward direction. With other radar detectors I would have assumed that this was due to a reflection. But with the Valentine-1 I knew there was a high probability that there was another trap. And there was! On other occasions, the directional helped discern a false alarm from a true alarm. For example, as I pass a source, the direction indicator changes. The directional also allows me to focus my attention as to where the signal might be coming from instead of having to look all over the place. When a car is approaching me from the rear with a detector that leaks, I can tell that the signal is coming from the rear and as the car passes me I can verify the source. With other detectors, I would have been unable to do this and would have had to assume that there was a radar trap when there was none. I've had the Valentine-1 for several months now and find its added features to be useful and not gimmicks. -Barry"
doc_0156,"I agree, although I would have no idea how to go about doing it. But you've got my vote. --I'm outta here like Vladimir --Alan"
doc_0157,"> The defenition of the Underdog is a team that has no talent and comes >out of nowhere to contend. The '69 Mets and '89 Orioles are prime examples, >not the Cubs. Sorry, but it is *virtually* impossible to win a division with ""no talent"" over 162 games. Well, with players, certainly. However, it is quite possible to win it all with no managerial talent. Cf. Blue Jays, 1992. David"
doc_0158,STK1203@VAX003.STOCKTON.EDU Pontificated: One of the sci.space FAQ postings deal with this. It's archived somewhere. Perhaps someone can post where it is (I don' remember).
doc_0159,"=Having read in the past about the fail-safe mechanisms on spacecraft, I had =assumed that the Command Loss Timer had that sort of function. However I =always find disturbing the oxymoron of a ""NO-OP"" command that does something. =If the command changes the behavior or status of the spacecraft it is not =a ""NO-OP"" command. Using your argument, the NOOP operation in a computer isn't a NOOP, since it causes the PC to be incremented. =Of course this terminology comes from a Jet Propulsion Laboratory which has =nothing to do with jet propulsion. Of course, the complaint comes from someone who hasn't a clue as to what he's talking about. -------------------------------------------------------------------------------- Carl J Lydick | INTERnet: CARL@SOL1.GPS.CALTECH.EDU | NSI/HEPnet: SOL1::CARL"
doc_0160,"The umps saw the weekend boxscores, too. They knew the pitchers needed some help or they would be watching the sunrise. :)"
doc_0161,"I don't care who told you this it is not generally true. I see EVERY single line item on a contract and I have to sign it. There is no such thing as wrap at this university. I also asked around here. Ther is no wrap at Marquette, University of Wisconsin Madison, Utah State, Weber State or Embry Riddle U. I am not saying that it doees not happen but in every instance that I have been able to track down it does not. Also the president of our University who was Provost at University of West Virgina said that it did not happen there either and that this figure must be included in the overhead to be a legitimate charge. I did they never heard of it but suggest that, like our president did, that any percentage number like this is included in the overhead. No Allen you did not. You merely repeated allegations made by an Employee of the Overhead capital of NASA. Nothing that Reston does could not be dont better or cheaper at the Other NASA centers where the work is going on. Kinda funny isn't it that someone who talks about a problem like this is at a place where everything is overhead. Why did the Space News artice point out that it was the congressionally demanded change that caused the problems? Methinks that you are being selective with the facts again. If it takes four flights a year to resupply the station and you have a cost of 500 million a flight then you pay 2 billion a year. You stated that your ""friend"" at Reston said that with the current station they could resupply it for a billion a year ""if the wrap were gone"". This merely points out a blatent contridiction in your numbers that understandably you fail to see. Dennis, University of Alabama in Huntsville."
doc_0162,"Surprise, surprise. I sure didn't lose any sleep over it, and I live there. Suppose someone said that he was sure that he would return from death, in glory and power, flying in the clouds with the host of heaven,soon, within the lifetimes of those then standing with him - and 2000 years went by without any such event. [He also asserted, so they say, himself to be God.] 2 questions: 1) Is that one of those ""false prophecies"" you were talking about? 2) Does that make the speaker a false prophet? Uhh, Has it occurred to you that there is no way to know any of these things, for certain, ""without the tiniest shadow of a doubt""? That people who thought they did have also been deluded? Those of us who believe in actually being able to _CHECK_ our opinions have an out - we can check against some external reality. Those who assert that beliefs entertained without evidence, or even despite evidence have a special virtue (ie. ""faith"") are out of luck -- and this is the result. You want to demonstrate Christian honesty? Great. Start with the prophecy above - what can we conclude about the speaker?"
doc_0163,"And most definitely read it in conjunction with Heinlein's _Starship Trooper_. The two books are radically different viewpoints of the same basic premises. I've even heard tell of English classes built around this. -- ""Insisting on perfect safety is for people who don't have the balls to live in the real world."" -- Mary Shafer, NASA Ames Dryden"
doc_0164,"... How can you tell they're identical? You got one of them ""Star Drek: The Next Syndication"" neutrino scanners?"
doc_0165,"Interesting question, esp since I remember *wishing* with all my heart that this *were* true so that I wouldn't have to be a ""good Christian"" anymore. ""Christianity"" was terribly hard, the only reward was Heaven and (maybe, sometimes, if I was really good) acceptance; I wanted a way out. What Jesus has done for me since I found Him (some 6 months ago) I do not want to lose. Period. That said, I originally interpreted the What-If as ""if Christ never mentioned Sheol and weeping and gnashing of teeth, if Christ preached that those who did not follow him died and stayed dead and at that point forever ceased to exist...."" I believe that we can only be complete through Christ. Do you think that Buddhists can also be complete? -jen --"
doc_0166,"How can car be any good that has S N A C U D N E written on the back with crooked letters as if a 2-year-old had written it? Hehhehehehahaha! (About as silly as Crysler's attemps to make the label on the back of some of their other cars appear like they are Mercedes.) Sorry, I couldn't resist..."
doc_0167,"It was announced on NPR 4/17/93 10:00 am EDT, that Turkish President Ozal died of a heart attack in Ankara."
doc_0168,"All of the arguments concerning the Sabbath ought to make the point pretty clear - anyone outside of the Catholic or Orthodox orAnglican or Monophysite churches ourght to worship on Saturday if they are really sola scriptura. Otherwise, they are following a law put into effect by the Church, and only the above Chruches really recognize any power of the Chruch to do so. Andy Byler [You will note that nothing in the FAQ said anything about the Church establishing or changing a law. The argument against the Sabbath is that it is part of the ceremonial law, and like the rest of the ceremonial law is not binding on Christians. This argument is based on Paul's letters, Acts, and in a more general sense, Jesus' teachings. Further, most people argue that Scripture shows worship occuring on Sunday, and Paul endorsing it. I understand that these points are disputed, and do not want to go around the dispute one more time. The point I'm making here is not that these arguments are right, but that the backing they claim is Scripture. Accepting the principle of ""sola scriptura"" does not commit us to obeying the entire Jewish Law. Acts 15 and Paul's letters are quite clear on that. I think even the SDA's accept it. The disagreement is on where the Bible would have us place the line. By the way, Protestants do give authority to the church, in matters that are not dictated by God. That's why churches are free to determine their own liturgies, church polity, etc. If you accept that the Sabbath is not binding on Christians, then the day of worship falls into the category of items on which individual Christians or (since worship is by its nature a group activity) churches are free to decide."
doc_0169,"I didn't mean to offend or anything, I'm just quoting Stanky himself on the subject. I remember one time last year he was being interviewed by ESPN, and the interviewer (can't remember who), asked Stanky if he was Jewish because he (the interviewer) was Jewish and wanted to see more Jewish ballplayers. To which Stanky replied, ""I'm Polish, not Jewish."" So maybe that wasn't the most PC thing for Stanky to say, and maybe I was a little naive when I posted it. I think we should just devote this subject to finding actual Jewish ballplayers (I myself am Jewish and the only ones I ever knew until now were Koufax, Greenberg, and Blomberg)."
doc_0170,"^^^^^^^^^ 1 Cor 11:31-32 ""But if we judged ourselves, we would not come under judgment. When we are judged by the ^^^^^^ ^^^^^^^^^ Lord, we are being discipled so that we will not be condemned with the world."" 1 Cor 5:3 ""Even though I am not physically present, I am with you in spirit. And I have already passed judgment on the one who did this, just as if I were present."" ^^^^^^ ^^^^^^^^ 1 Cor 2:15-16 ""The spiritual man makes judgments about all things, but he himself is not ^^^^^^^^^ subject to any man's ^^^ judgement: 'For who has known the mind of the Lord that he may instruct him?' But we have the mind of Christ."" Jude :14-15 ""Enoch, the seventh from Adam, prophesied about these men: 'See, the Lord is coming with thousands upon thousands of his holy ones to judge everyone, and to ^^^^ convict all the ungodly of ^^^ ^^^^ ^^^^ ^^ ^^^^^ all the ungodly acts they have done in the ungodly way, and of all the harsh words ungodly sinners have spoken against him.'"" Arrogance is a sin. Although a desire to show others of one's rightness may be a sign of arrogance in some cases, it may be only a sign that they are following the Bible in others: Jude :22-23 ""Be merciful to those who doubt; snatch others from the fire and save them; to others show mercy, mixed with ^^^^^^ fear -- hating ^^^^ even ^^^^ the clothing stained by corrupted flesh."" I hope you don't find me arrogant, then. This sounds like a bad practice -- ignoring what certain people say because you perceive them as arrogant. James 1:19 ""My dear brothers, take note of this: Everyone should be quick to listen, slow to speak and slow to become angry,"""
doc_0171,"Library of Congress to Host Dead Sea Scroll Symposium April 21-22 To: National and Assignment desks, Daybook Editor Contact: John Sullivan, 202-707-9216, or Lucy Suddreth, 202-707-9191 both of the Library of Congress WASHINGTON, April 19 -- A symposium on the Dead Sea Scrolls will be held at the Library of Congress on Wednesday, April 21, and Thursday, April 22. The two-day program, cosponsored by the library and Baltimore Hebrew University, with additional support from the Project Judaica Foundation, will be held in the library's Mumford Room, sixth floor, Madison Building. Seating is limited, and admission to any session of the symposium must be requested in writing (see Note A). The symposium will be held one week before the public opening of a major exhibition, ""Scrolls from the Dead Sea: The Ancient Library of Qumran and Modern Scholarship,"" that opens at the Library of Congress on April 29. On view will be fragmentary scrolls and archaeological artifacts excavated at Qumran, on loan from the Israel Antiquities Authority. Approximately 50 items from Library of Congress special collections will augment these materials. The exhibition, on view in the Madison Gallery, through Aug. 1, is made possible by a generous gift from the Project Judaica Foundation of Washington, D.C. The Dead Sea Scrolls have been the focus of public and scholarly interest since 1947, when they were discovered in the desert 13 miles east of Jerusalem. The symposium will explore the origin and meaning of the scrolls and current scholarship. Scholars from diverse academic backgrounds and religious affiliations, will offer their disparate views, ensuring a lively discussion. The symposium schedule includes opening remarks on April 21, at 2 p.m., by Librarian of Congress James H. Billington, and by Dr. Norma Furst, president, Baltimore Hebrew University. Co-chairing the symposium are Joseph Baumgarten, professor of Rabbinic Literature and Institutions, Baltimore Hebrew University and Michael Grunberger, head, Hebraic Section, Library of Congress. Geza Vermes, professor emeritus of Jewish studies, Oxford University, will give the keynote address on the current state of scroll research, focusing on where we stand today. On the second day, the closing address will be given by Shmaryahu Talmon, who will propose a research agenda, picking up the theme of how the Qumran studies might proceed. On Wednesday, April 21, other speakers will include: -- Eugene Ulrich, professor of Hebrew Scriptures, University of Notre Dame and chief editor, Biblical Scrolls from Qumran, on ""The Bible at Qumran;"" -- Michael Stone, National Endowment for the Humanities distinguished visiting professor of religious studies, University of Richmond, on ""The Dead Sea Scrolls and the Pseudepigrapha."" -- From 5 p.m. to 6:30 p.m. a special preview of the exhibition will be given to symposium participants and guests. On Thursday, April 22, beginning at 9 a.m., speakers will include: -- Magen Broshi, curator, shrine of the Book, Israel Museum, Jerusalem, on ""Qumran: The Archaeological Evidence;"" -- P. Kyle McCarter, Albright professor of Biblical and ancient near Eastern studies, The Johns Hopkins University, on ""The Copper Scroll;"" -- Lawrence H. Schiffman, professor of Hebrew and Judaic studies, New York University, on ""The Dead Sea Scrolls and the History of Judaism;"" and -- James VanderKam, professor of theology, University of Notre Dame, on ""Messianism in the Scrolls and in Early Christianity."" The Thursday afternoon sessions, at 1:30 p.m., include: -- Devorah Dimant, associate professor of Bible and Ancient Jewish Thought, University of Haifa, on ""Qumran Manuscripts: Library of a Jewish Community;"" -- Norman Golb, Rosenberger professor of Jewish history and civilization, Oriental Institute, University of Chicago, on ""The Current Status of the Jerusalem Origin of the Scrolls;"" -- Shmaryahu Talmon, J.L. Magnas professor emeritus of Biblical studies, Hebrew University, Jerusalem, on ""The Essential 'Commune of the Renewed Covenant': How Should Qumran Studies Proceed?"" will close the symposium. There will be ample time for question and answer periods at the end of each session. Also on Wednesday, April 21, at 11 a.m.: The Library of Congress and The Israel Antiquities Authority will hold a lecture by Esther Boyd-Alkalay, consulting conservator, Israel Antiquities Authority, on ""Preserving the Dead Sea Scrolls"" in the Mumford Room, LM-649, James Madison Memorial Building, The Library of Congress, 101 Independence Ave., S.E., Washington, D.C. ------ NOTE A: For more information about admission to the symposium, please contact, in writing, Dr. Michael Grunberger, head, Hebraic Section, African and Middle Eastern Division, Library of Congress, Washington, D.C. 20540. -30-"
doc_0172,"Ah, but when you fire at armed folks they have this nasty habit of firing back. A simple terrorist could get hurt that way."
doc_0173,"Also remember that every dollar spent keeping one spacecraft in safe mode (probably a spin-stabilized sun-pointing orientation) is a dollar not spent on mission analysis for a newer spacecraft. In order to turn the spacecraft back on, you either need to insure that the Ops guys will be available, or you need to retrain a new team. Having said that, there are some spacecraft that do what you have proposed. Many of the operational satellites Goddard flies (like the Tiros NOAA series) require more than one satellite in orbit for an operational set. Extras which get replaced on-orbit are powered into a ""standby"" mode for use in an emergency. In that case, however, the same ops team is still required to fly the operational birds; so the standby maintenance is relatively cheap. Finally, Pat's explanation (some spacecraft require continuous maintenance to stay under control) is also right on the mark. I suggested a spin- stabilized control mode because it would require little power or maintenance, but it still might require some momentum dumping from time to time. In the end, it *is* a political decision (since the difference is money), but there is some technical rationale behind the decision."
doc_0174,"First of all, ""ceremonial law"" is an extraScriptural term. It is sometimes used as a framework to view Scripture. But if you look at Collosions, without going into it with the assumption that the Sabbath cannot be a ceremonial law, you will see that it does refer to the sabbath. against us to His cross, and therefore we should not be judged in what what food we eat, what we drink, the keeping of new moons and holy days, or the keeping of the sabbath. The word for sabbath in this verse is ""sabbaton"" and is used throughout the New Testament to refer to the 7th day. If there is any Scripture from which we get the idea of the ceremonial law, this is one of them, and the sabbath is listed among the ceremonial laws. If one goes into this with the fundamental assumption ""the sabbath cannot be a ceremonial law"" then he will have to find some way around it, like saying that this can only refer to the other sabbath holy days besides the 7tH day, Because ""the sabbath cannot be a ceremonial law."" But Paul is very careful in his letters to add some kind of parenthetcal statement if there is anything that can be seen as a liscence to sin in his writings. Also, why is the sabbath absent from the epistles (except for Hebrews 4, which talks about the rest that comes through faith?) Surely it would have been a big problem for first century Christians living in a society that did not rest on the 7th day. Especially slaves. Many new converst were slaves. It would have been difficult for slaves to rest on the sabbath if it had been mandatory. Why is there no mention of this in the epistles?"
doc_0175,"Gulf has changed the third parts's perception of Arabs. 1. Before, people tended to think Arabs have tough character. After seeing Iraqis begging for surrender, people do not gave Arabs much weight. 2. People tended to think Arabs are a united people in fighting Isrealis. After Gulf War, seeing some Arab nations beated up Iraqis in order to waiver the debt to U.S. and Kuwaitis consistly trying to draw West nations to hit Iraq again, people started to see Arab World as a dog cage, echoing sound of barking."
doc_0176,"I strongly disagree that absolute truth would not require interpretation. That's because truth may be absolute, but it may not be obvious. Like so many things, the truth is always subject to misinterpretation. I strongly suspect that we are reaching an impasse here, which is why I deign from commenting much further. Now hold it. I never said that Christians cannot be arrogant. Indeed, as many other Christians on SRC have stressed before, this is a trap that Christians must always be wary about. However, this does not mean that if you believe in the absolutes established by the Bible, you are necessarily being arrogant. A Christian can believe that the Word of God is absolute, but he or she should not expect this to be immediately evident to everyone. Not quite. You say that according to my stance, we cannot *reliably* determine what is true. That is not what I said. I say that as fallible human beings, we cannot discern the truth with 100% certainty. The distinction is subtle yet important. When a scientist performs an experiment, he can claim that his results are reliable, without claiming that absolutely no mistake whatsoever could have been made. In other words, he can admit that he could be mistaken, without sacrificing his convictions. Nobody can establish what absolute truth is with 100% certainty. Throughout the centuries, philosophers have argued about what we can know with complete certainty and what we cannot. Descartes made a step in the right direction when he uttered, ""Cogito, ergo sum,"" yet we have not advanced much beyond that. Do you believe that other people aside from you exist? Do you believe that the computer terminal you are using exists? If so, can you be absolutely certain about that? Are you sure it is not some grand illusion? Of course, you have no such assurance. This does not mean, however, that for all practical purposes, you can be certain that they exist. So it is with Christianity. The most mature Christians I know have deep convictions about absolute morality, yet they acknowledge that there is a non-zero probability that they are wrong. This does not, however, mean that they should (or do) abandon these absolutes. As I said, we can never be absolutely certain that we are correct. This does not mean that we cannot be certain enough, in light of the evidence, to render all doubts unreasonable."
doc_0177,"This is a whole different situation. If aliens were able to get here prior to us being able to get there, one might conclude that they would be more advanced and therefore ""more intelegent"" that we are. However if we get somewhere where there is life, chances are we wont be able to communicate with them. So we will have no clue as to weather they are ""intelegent"" or not. That's a good point, I hadn't thought of it that way. My question however was more along the lines of... Every year the US spends millions of tax dollars and giving tax breaks to individuals and companies who feed the poor of foreign countries while thousands of our own people sleep on the streets at night. Would we give to the economicly dissadvantaged on another planet if we hadn't resolved these issues on our own? But... Your comment brings up another good question. Over the years we have decided that certain cultures need improvements. The native americans is a good example. Prior to our attempt to civilize them, the native american culture had very little crime, no homelessnes, no poverty. Then the europeans came along and now they have those and more. If we encounter life elsewhere, do we tell them they have to live in houses, farm the land and go to church on sunday? -- Have a day,"
doc_0178,"I haven't seen any speculation about it. But, the Salyut KB (Design Bureau) was planning a new LH/LOX second stage for the Proton which would boost payload to LEO from about 21000 to 31500 kg. (Geostationary goes from 2600 kg. (Gals launcher version) to 6000 kg.. This scheme was competing with the Energia-M last year and I haven't heard which won, except now I recently read that the Central Specialized KB was working on the successor to the Soyuz booster which must be the Energia-M. So the early results are Energia-M won, but this is a guess, nothing is very clear in Russia. I'm sure if Salyut KB gets funds from someone they will continue their development. The Centaur for the Altas is about 3 meters dia. and the Proton is 4 so that's a good fit for their existing upper stage, the Block-D which sets inside a shround just under 4 meters dia. I don't know about launch loads, etc.. but since the Centaur survives Titan launches which are probably worse than the Proton (those Titan SRB's probably shake things up pretty good) it seems feasible. EXCEPT, the Centaur is a very fragile thing and may require integration on the pad which is not available now. Protons are assembled and transported horizontially. Does anyone know how much stress in the way of a payload a Centaur could support while bolted to a Proton horizontally and then taken down the rail road track and erected on the pad? They would also need LOX and LH facilities added to the Proton pads (unless the new Proton second stage is actually built), and of course any Centaur support systems and facilities, no doubt imported from the US at great cost. These systems may viloate US law so there are political problems to solve in addition to the instabilities in the CIS you mention."
doc_0179,"I've been asking myself this same question for the past year, so, if/when you find out, would you please share the magistic answer with me.. The way I see it right now, work twice as hard so you can have both. cheers :)"
doc_0180,"How about the discussion of the STS Tether experiment. Ran forward, it would suck energy from the Earth's magnetic field, while trivially slowing the Shuttle. It could also have run backward -- if they ran electricity through the tether the other way, it would have trivially propelled the Shuttle faster. But an even better example comes to mind. There's this electronics guy, someone like Craig Anderton or Don Lancaster. Ten years ago he wrote about an invention of his. He could take a light-detector, run current through it at about a hundred times its rating, and it would glow. He got legal rights to this design of a combination ""fiber optic emitter/receiver"". This turned out to be the basic unit of ATT's (I think) plan to bring Brazil's communications system into the 21st century. (The article was mostly about his legal wranglings with the company that eventually got him well-compensated for his invention.)"
doc_0181,"Any reason you are limited to the two mentioned? They aren't really at the same point along the SUV spectrum - not to mention price range. How about the Explorer, Trooper, Blazer, Montero, and if the budget allows, the Land Cruiser? Bear in mind that 90% of all SUV's purchased never venture off-road. Carefully weigh the trade-off between comfort and off-road performance when choosing one, and realistically decide whether you'll actually make enough use of the off-road-ability to sacrifice (some of) the on-road comfort. John"
doc_0182,"Are you volunteering? :) Will NASA have ""available landing sites"" in the Russian Republic, now that they are Our Friends and Comrades?"
doc_0183,"Enough, already. Let's take this discussion to some other newsgroup that's more appropriate. Most of us are tired of it and would like to get back to old cars, IMHO."
doc_0184,"It has nothing to do with how long they have been voting, as much as HOW they have been voting. Pick up a list of the Labor parties proposals for MK prior to the election and pay attention to the order. Correlate this with the number of Arab party members eligible to vote in party elections. Further correlate this with the voting results from Arab areas. Lo and behold, you will discover that Israeli Arab Labor party members did not band together unanimously or en large for a select group of Arab candidates. This problem is further exacerbated by the rifts between Israeli Arabs. Some claim membership to right wing parties while others vote for parties that do not pass the minimum cutoff. I worked within the labor party during the late 70's elections (not this last one) as a volunteer and was privy to the voting results that were returned from the local delegates elected. At the time, the system was structured differently but it did not cease to amaze me that there was no massive effort to lobby for Arab reps. by their own delegates. Quite simply, if all eligible Arab voters became members of the Labor party and voted, they would be able to command more than %15 of the delegates. This is a power base that can not be ignored! Especially when they are not ranked high in the party (once again due to lack of political power). I have seen how the labor party works from the inside and my experience has been that, as in most political situations, the MKs act out of their own self-interest. And to answer your question, I ""broke"" with labor because I felt that they were heeding too much to the right-wing and ultra-orthodox coalition members. Fair enough. My take on the matter, and I will admit to the possibility that this might be seen differently is that this was a dummy argument. If he was sitting on the committee, then someone else obviously would not be. In drumming up support for his seat, MK [?] would not be averse to using this argument, or it could be used on his behalf. As to the proof presented in this article, I would find it very interesting to know who proposed the compromise along with a followup describing how the matter stands/was resolved. Let me just take this opportunity to say that I deplore such actions and groundless justifications. For the record, Roni Milo, is a brash MK (self described) from the Likud (note NOT LABOR). Quite frankly, I don't think anything he would say could surprise me. Annoy and aggravate, yes, surprise - no. Yes I do and thank you for providing it. I would be most interested in knowing how things turned out. Anyone......?"
doc_0185,"The Red Sox usually have 2 catchers. I don't think they have a backup now, but they used to use Randy Kutcher as a backup catcher, as well as a middle infielder and outfielder. You don't need a good 3rd catcher, just a competent one, so you can afford to lose a little catching ability and pick a player who can be of use elsewhere on the field."
doc_0186,"But good ones can collapse somewhat, then come back the next year. Burleigh Grimes went from 20+ wins and an ERA of 3 or so in '24 to 13-19 and an ERA around 4 in '25. He pitched well for several more years. Carlton won 13 and lost 20 the year after his 27-10 record. (Source: Bill James Historical Baseball Abstract.) And let's not forget John Tudor, who started 1-5 and finished 21-6 in 1985. He had a pretty bad ERA when you take Busch Stadium into account at the start of the season. If I recall, he had a 4.50 ERA in the 1st half and a 3.50 ERA in the 2nd half of last year. Hmmm, 21 runs in 11 innings. Suppose he starts 30 more games, and winds up w/200 innings pitched. If he allows 4 runs a game in the next 189 innings, he'll have a 4.75 ERA or so at the end of the year. (I think I have his totals right.) This is going to be hard to come back from. My 1st hunch is that Morris is very gutsy, and that he may be pitching through an injury and not telling anyone. My 2nd guess is that he will be banished to the bullpen the remainder of the season after a few more starts. (Perhaps when Stewart comes off the DL? Or will Danny Cox, who went 3 or 4 scoreless innings against the Tribe today, start for Morris? He looks like a really good one. Gaston is scrambling to find starters, I'd imagine. Luckily, the Jays have a very good offense.) I don't think they would dare release him before the end of the year. He'll just be replaced by Stewart or Cox."
doc_0187,"If I believed in the God of the bible I would be very fearful of making this statement. Doesn't it say those who judge will be judged by the same measure? A God who must motivate through fear is not a God worthy of worship. If the God Jesus spoke of did indeed exist he would not need hell to convince people to worship him. It was the myth of hell that made me finally realize that the whole thing was untrue. If it hadn't been for hell I would still be a believer today. The myth of hell made me realize that if there was a God that he was not the all knowing and all good God he claimed to be. Why should I take such a being at his word, even if there was evidence for his existance?"
doc_0188,"Seems like a lot of trouble to go to. Its probably better to invest in newer launch systems. I don't think a big cost advantage for using Russian systems will last for very long (maybe a few years). Lockheed would be the place to ask, since you would probably have to buy the Proton from them (they market the Proton world wide except Russia). They should know a lot about the possibilities, I haven't heard them propose US launches, so I assume they looked into it and found it unprofitable. Yes... Comparable to the Zenit I suppose, but since it looks like nothing will be built there, you might just as well pick any spot. The message is: to launch now while its cheap and while Russia and Kazakstan are still cooperating. Later, the story may be different."
doc_0189,********************************************************************* That's cool; I wish everyone had the smae kind of names; the world would certainly be a better place!!
doc_0190,"Mack posted: ""I know nothing about statistics, but what significance does the relatively small population growth rate have where the sampling period is so small (at the end of 1371)?"" This is not small. A 2.7 per cent annual population growth rate implies a doubling in 69/2.7 \approx 25 years. Can you imagine that? Most people seem not able to, and that is why so many deny that this problem exists, for me most especially in the industrialised countries (low growth rates, but large environmental impact). Iran's high growth rate threatens things like accelerated desertification due to intensive agriculture, deforestation, and water table drop. Similar to what is going on in California (this year's rain won't save you in Stanford!). This is probably more to blame than the current government's incompetence for dropping living standards in Iran."
doc_0191,"Ladies and gentlemen, boys and girls, lend me your ears for but a moment, The National Legue Eastern Division Champions will be the... Philadelphia Phillies I one hundred and ten percent guarantee!!! Chamberlain Hollins Dykstra Incaviglia Jackson Williams Daulton Greene Kruk Mulholland Rivera Thompson Duncan"
doc_0192,"One thing that everyone is forgetting in this argument over the pricing of the SC1 vs. the Japanese cars is the Saturns ""no-dicker sticker"". This makes the Saturn's price low in comparison to the inflated base prices of the Japanese competition on paper, but in reality, one could dicker several hundred dollars off the price of the Japanese cars. Admittedly, though, here in Canada, at least, the SC2 is in the same price class as the Civic Si, not the SC1."
doc_0193,"[stuff deleted] Gimme a break. CAPITAL letters, or NOT, the above is pure nonsense. It seems to me that short sighted Armenians are escalating the hostilities while hoping that Turkey will stay out. Stop and think for a moment, will you? Armenia doesn't need anyone to drag her into the conflict, it is a part of it. Huh? You didn't expect Azeri's to be friendly to forces fighting with them within their borders? [...] You're not playing with a full deck, are you? Where would Turkey invade? Are you throwing the Cyprus buzzword around with s.c.g. in the header in hopes that the Greek netters will jump the gun? Yes indeed Turkey has the military prowess to intervene, what she wishes she had, however, is the diplomatic power to stop the hostilities and bring the parties to the negotiating table. That's hard to do when Armenians are attacking Azeri towns. Armenian leaders are lacking the statesmanship to recognize the futility of armed conflict and convince their nation that a compromise that leads to stability is much better than a military faits accomplis that's going to cause incessant skirmishes. Think of 10 or 20 years down the line -- both of the newly independent countries need to develop economically and neither one is going to wipe the other out. These people will be neighbors, would it not be better to keep the bad blood between them minimal? If you belong to the Armenian diaspora, keep in mind that what strikes your fancy on the map is costing the local Armenians dearly in terms of their blood and future. It's easy to be comfortable abroad and propagandize craziness to have your feelings about Turks tickled. The Armenians in Armenia and N-K will be there, with the same people you seem to hate as their neighbors, for maybe 3000 years more. The sooner there's peace in the region the better it is for them and everyone else. I'd push for compromise if I were you instead of hitting the caps-lock and spreading inflammatory half-truths. cheers,"
doc_0194,"A ""fuel injector cleaning"" at the dealer is probably little more than them opening your gas tank, dumping in a bottle of fuel injector cleaner, and sending you on your merry way $59 poorer. Go to KMart and buy the cleaner yourself for $1.29. Just because you dealer sez you need it, don't mean it's necessarily so. Be suspicious."
doc_0195,"Well, maybe it will be. Banks is a 24 year-old prospect who ""hasn't matured as quickly as they would have liked. Mahomes is a 22 year-old who is very highly touted. Tapani and Erickson are also young, and have looked very good this spring. The last spot was between Jim Deshaies, formerly of Houston and S.D. and Mike Trombley. Deshaies hasn't looked very good this spring, so I believe that the spot has gone to Trombley, although they hadn't wanted 3 starters this unproven. I personally believe very highly in Mahomes and Trombley. Well, Scott Leius is the shortstop. He played mostly 3B last year, but was a SS in the minors, and moved back after Gagne left to K.C. 3B is split (maybe) between Pagliarulo, who has had a great spring, and Terry Jorgenson, a good looking kid who has languished in Portland for 3 years. I'm not sure how the time will be divided, but they seem to be happy with what they have here. I like Jorgenson, but I fear they might give too much time to Pags. Sorry, can't help you here."
doc_0196,"I find it interesting that cls never answered any of the questions posed. Then he goes on the make statements which make me shudder. He has established a two-tiered God. One set of rules for the Jews (his people) and another set for the saved Gentiles (his people). Why would God discriminate? Does the Jew who accepts Jesus now have to live under the Gentile rules. God has one set of rules for all his people. Paul was never against the law. In fact he says repeatedly that faith establishes rather that annuls the law. Paul's point is germane to both Jews and Greeks. The Law can never be used as an instrument of salvation. And please do not combine the ceremonial and moral laws in one. In Matt 5:14-19 Christ plainly says what He came to do and you say He was only saying that for the Jews's benefit. Your Christ must be a politician, speaking from both sides of His mouth. As Paul said, ""I have not so learned Christ."" Forget all the theology, just do what Jesus says. Your excuses will not hold up in a court of law on earth, far less in God's judgement hall."
doc_0197,"Why don't you look again at Motor Trend's, slalom times, they are 67.9, right along with the Integra, and the car does that with small 14 inch tires that are all -weather XGTV4, not to mention that the Integra rides alot better than a Beretta. Your acceleartion times also vary, magazine to magazine Road & Track and Car& Driver have the GS-R at 6.8 to 8.0 for Road and Track. Also Quarter mile times vary from 15.4 to 16.1 You can't tell exactly by the numbers. Furthermore, the Integra will definately outrun the Beretta on the high end. Car & Driver and Road & track have the GS-R doing 136 to 141 mph, and it gets there fast. ***You always believe those exact numbers, why don't you drive a GS-R, and see for your self, while the GS-R has a low 117 torqye, its high gearing over a 8000 rpm make up for the difference (still wouldn't call it a torque moster though!) Quad 4 reliable, yeah, what's your definition of reliable- if that's reliable, then its safe to say that integra engines in general are near perfect (not to mention, a hell of alot smoother and quieter - balance shafts.The Acura has the engine wins the reliablity contest hands down. You can rev that car all day, everyday, and you'll never blow a hose, or crack the block, or anything else. (I speak from expierence!) I'm not saying the Quad 4 is a bad engine, but don't highlight reliability when you comparing it to a Acura Engine. AND while the Integra costs alot more, it is a better investment since it will hold its value considerably much better. And does a nice job at being a sporty car and practical at the same time."
doc_0198,"Golgotha the whole process of the fall of man This was precisely my point. From a theological bent, those who lived immediately after the flood, such as Noah, Ham, his son Cush, and his son Nimrod had a much stronger appreciation of Divine wrath. They also had a stronger understanding of the True God. In fact, this immediacy was a cause of hardship for some, so much so that Atlas, who is seen with heavens resting on his shoulders. But this is not merely the physical heavens that he is lifting. It is to put God and the strict spirituality of His law at a distance, and thus he became the ""Elevator of the heavens."" This ""god"" made men able to ""feel"" as if heaven were afar off and ""as if either the God of Heaven could not see through the dark cloud, or did not regard with displeasure the breakers of His laws."" It is interesting to see that it was that was titled ""Emancipator"" or ""Deliverer"" or Phoroneus. It was Nimrod who invaded the patriarchal system and abridged the liberties of mankind, yet was worship for having given many benefits. He was a deliverer all right but not as we think of Christ as a Deliverer. One delivered from a conscious feeling of God's wrath, the other actually performed a delivery from Gods wrath and it is up to us to accept it as true. I don't see the problem. From the time of Adam, those who looked forward to the coming ""Anointed One"" and put their faith in the fact that it was God who was to do the provision, were accounted as righteous. But up to the Crucifixion, their sins were only covered, not taken away. Therefore, the dispensation of the Church views the accountability of sin the same, but see it as a completed action. Rom's makes it clear that it has always been salvation via faith and nothing else. I understand what you're trying to convey, but I don't think I'd lay hold of it because the scriptures do equate the eternality of the second death with the eternality of, say the Church ruling with Christ. Jn 17 tells us what eternal life is exactly, as you are correct that it is much more than non-cessation of consciousness. It depends upon your def of ""lost."" The elect were lost only in time as outside of time they had been chosen from the foundation of the world. Existentially we were all born ""lost"", but the ""righteous"" were ""in Christ"" and therefore never *assuredly* lost. Maybe this summer I could find time to put together a paper on it. I simply have to buy more books for myself, and these older books are very expensive. Either that or countless trips to the oriental museum. Couldn't agree with you more. Our understanding, of say eschatology, is clearly clearer than that of, say Isaiah. But that is not what I was referring to. No, I understand it as you have said. This was my point. Ah! This is it. This is the big question. However, I would say, again I think, that the best lie is one that has an appreciable amount of truth to it. Look at Satan's twist of God's Word when he coerced Eve. That is a very interesting study. >The similarity in the midst of great variety of Yes, that is my point. But it is a two edged sword. For some do not want the underlying reality to be revealed. They were not known as ""mystery"" religions for no reason. There was the public side of them and there was the private side, that was so protected that the initiates to an oath of death if they revealed that private side. That is why it is so hard to bring their teachings to light. The ""Mystery of Iniquity"" that we find in the Bible, correlates to this I think. The primary object of the mysteries was to introduce privately, little by little, under the seal of secrecy and sanction of oath, what it would not have been safe to openly profess was the true religion. Case in point today might be the Masons. (Just a note, that they too worshipped Osiris in Egypt, who can be traced to Nimrod, the ""husband son."") No, I disagree with you here Gerry. I know what you're alluding to in that the church, primarily the RCC, did endorse Aristotelian philosophy into their worldview, but I would disagree with you that it originated in Greece. If you are a student of history, you will come to see that much of what Greece came to expound to the world as their original, was just an adulteration of that which they had taken from conquered countries. The soul is clearly mentioned and discussed at length in the Egyptian religions. As was the unity of God and also the trinity of God. See if you can find Wilkinson's ""Egyptians."" He really does a number on what the Greeks did to what they ""pilfered"" from the Egyptians. I'm not knocking Aristotle or Plato or any other Greek thinker. Its just that ""there is nothing new under the sun."""
doc_0199,"I am considering the purchse of a 1987 VW Jetta GLI with 87k miles on it. I recently found out that there are two versions of the GLI -- 8v and 16v. I know of three differences between the two cars that both carry the same name: the 16v version has 20 more horsepower, 4 wheel discs, and a standard sunroof. Oops, that's the difference between the GLI 16v and the regular GL !! So in addition to the engine, what other differences exist between the two models of the Jetta GLI ? More importantly, how can I tell which version this one is ? There are no badges that said ""16v"" so I am inclined to think that is the 8v version. Assuming this one (the one I looked at) is the 8v version, is there a valid reason to buy it instead of a comparably equipped GL which would cost less ? (Of course I would love to get the 16v version, but money talks.)"
doc_0200,"I want to start of list for Syclone and Typhoon owners. If you are interested in participating, please contact me via e-mail."
